0,1,2,3,4,5,label
0.833166939682368,0.1683741429331453,0.017609799547114415,0.6339456438364297,0.08054971610280101,0.40362152727050005,0
0.8393099949765659,0.11572162719813393,0.01774876137728727,0.7374362560350136,0.10811949968254977,0.1395256493803806,0
0.9533663600183198,0.04632287801086546,0.007682475628966835,0.7699260160089644,0.15419200576181927,0.311730563083664,1
0.7061276994396579,0.16263278582799534,0.04778404929772276,0.738494554563636,0.25492090742626994,0.5909396298835469,0
0.7687685384427227,0.5310318839177509,0.4732135600834907,0.19287440834899092,0.06426007316484289,0.13083089016497257,0
0.8178883651601649,0.10009614916272454,0.1283941898810832,0.0998289551208302,0.3932605856266319,0.6289583397731442,1
0.9845841246992733,0.016860817013546036,0.02147459876524756,0.5767801090063371,0.12249278922263604,0.15641745572715682,0
0.8229434554045818,0.221391236743091,0.14955586202840773,0.16920525157631416,0.3713084176862601,0.2855119982340266,1
0.5689878515160445,0.36286039983748536,0.3361114387198483,0.183674679742975,0.207114956995162,0.35828783704154477,1
0.8420245782705413,0.12222746547965697,0.03256610637971917,0.7023735268843647,0.2528672394215662,0.18932412118202147,1
0.8624529502659228,0.10655759767545846,0.04099403215226349,0.49832917993726955,0.08272602323095848,0.2946459131449214,0
0.970907217679877,0.025512662998675485,0.038551284648850895,0.5737039408206952,0.19123934196953338,0.08758470894131182,1
0.825360923860299,0.1396045507142387,0.028280753991492536,0.6578941407894214,0.18467997459097416,0.09553419404951602,1
0.8989793512574977,0.08978378548008918,0.03095977192540256,0.4495297487557892,0.10099554089168958,0.41623561225179917,0
0.8967508442417629,0.07372652327689838,0.012655738069200503,0.6957234902805569,0.12054742643840369,0.262105485958242,1
0.5879686739223742,0.6563249215920657,0.5827903954646443,0.2958940857346915,0.5134905155473247,0.37242446324093537,0
0.8936616617301498,0.09979497330600362,0.04106496039097332,0.49971659847578964,0.2455930562076554,0.1895104912543617,1
0.6614944918929619,0.5370102532592179,0.37854148955375183,0.1585778467892675,0.33009148467248617,0.4023530150479182,1
0.8224893849600046,0.14676738262401678,0.024286610987914046,0.511024056323704,0.2433154920304396,0.18001402279732104,1
0.8711084074785591,0.06141628755419319,0.010493251720413165,0.6352298659941422,0.09309258817413096,0.41715337843688194,0
0.5432404431755156,0.840907927968944,0.5071043109735786,0.35449518719250495,0.2512333730379498,0.628689105437375,0
0.8816381746978454,0.040435214302875264,0.03241242625087838,0.727032334857282,0.34394786163955104,0.5643063202260757,1
0.07511646625549062,0.9456357790700743,0.842474066292118,0.4832051797942647,0.37762382283988927,0.44437013376810475,1
0.9321158662478377,0.0382019121548359,0.010487023182661325,0.6615128247672639,0.45325863588174786,0.00586270195148314,1
0.7223554035801387,0.19502698166349033,0.09053337254395749,0.7501649627780352,0.24748626185222886,0.6124836836158969,0
0.6793702772947132,0.6637621097791183,0.4147313680998582,0.14596617632014006,0.0950401197748125,0.38507105790084095,1
0.7314973425028539,0.4793476471782405,0.14632817186284383,0.08088877815842627,0.10593049991189013,0.2520339078625049,1
0.726361001170077,0.16590384362749436,0.023163316549667707,0.792353912479956,0.09532848985654122,0.1457451755976088,0
0.8622622685464949,0.06803148071962016,0.02010597343523671,0.5963263924928781,0.40920998354090055,0.000575376994875032,1
0.6302031323078829,0.5419801112795837,0.4649798159981148,0.21624734354911762,0.16922192253106502,0.5344976968112657,0
0.682686814932467,0.6072850106540584,0.2656923139964686,0.19466913748784007,0.03087076063606961,0.18240679830448747,0
0.6146793339776344,0.22159147509639152,0.2720046375543564,0.4132767253216794,0.35676094856091056,0.3340042520440898,1
0.8429753562407256,0.10306500851160379,0.09047921397160878,0.6752989937722504,0.26108452223261824,0.26749153464970254,0
0.8334601542645463,0.10399013648695747,0.06650217861335783,0.6711885889385371,0.2745224926109442,0.28579408551295715,0
0.8570999429168429,0.23470665178328162,0.21394842657667365,0.1319775802968959,0.3047837271492999,0.3134369314751544,1
0.8581013296918216,0.0799107538031317,0.028109406745001172,0.6627075421019661,0.07504498278066865,0.27171333897230776,0
0.829528623509513,0.09537547566400383,0.0432636551784223,0.676584069170412,0.6984783243475353,0.2444750691002312,0
0.7885551625320522,0.23225812924090058,0.02977180562278962,0.583678872874101,0.02807466512092871,0.11125059550475175,0
0.8146516619913056,0.08422419086078035,0.10319700365871118,0.524913260910578,0.34058115904038766,0.5763473299245538,1
0.7760255914059535,0.1236189416406865,0.05029458934035058,0.6218059098395577,0.14409298802593526,0.3030225959161852,1
0.7705978040144916,0.18601940150314844,0.02610839931716533,0.6766713378525787,0.03637725799476238,0.1283176155638343,0
0.5111795543306228,0.7459360688064871,0.3346049536585769,0.20813376078076007,0.11515313529594942,0.30507854924016486,1
0.6921652346260914,0.5230162576249092,0.3289041469030724,0.17798352354536182,0.21868495204705116,0.360687011432431,0
0.9473906353682893,0.03392722562212888,0.03640563529778956,0.6423226400299255,0.16560038509282718,0.31312882835489864,1
0.7393977521281807,0.14958467383273732,0.11180797285556054,0.3679752001685321,0.3568613880568603,0.4868171977514283,1
0.5395686429196851,0.6521548371920041,0.392263933606704,0.24994779066304362,0.17073796756972373,0.2552478170726289,1
0.9216665297002049,0.0522226182919321,0.049099615809886546,0.7229736563368951,0.2786644392108121,0.27335182427698135,0
0.9165051329555538,0.06350508144594562,0.027381965664009977,0.5736690692854092,0.11635835461035035,0.14802859896148268,0
0.8953758777841656,0.0917030267189528,0.031041879187052184,0.5050480030856352,0.09743963782753226,0.41194826093589276,0
0.8812818080627391,0.1071809978509556,0.02084974760697948,0.6291127953187401,0.32081353200985474,0.3267831075678802,1
0.7358144480418061,0.13831116553533693,0.08677485018660429,0.6961065993233262,0.13369131853919317,0.3166012221998318,1
0.9130219182548498,0.09012626928678288,0.03433038765846383,0.6489896898079476,0.22362804344018852,0.1854647608885276,1
0.5171113057716952,0.7803719411944225,0.49454375163822295,0.24690707516413757,0.37059972586910883,0.3130737350352618,0
0.8210740171381208,0.1335646853825026,0.02660306039544696,0.6611082145711289,0.1853752686639276,0.09959763546779371,1
0.7744241059362211,0.1404625541640976,0.07604529466119939,0.5587249621690077,0.32672653076898295,0.3469926424260801,1
0.8881948826837263,0.2898363980206244,0.20470570400586824,0.08691141496250615,0.18920608912756245,0.24112727210690654,1
0.6379866597351922,0.5616514249946163,0.30245188773967496,0.25623696581714656,0.07502688751302211,0.3770903741962415,0
0.6942498357221087,0.3923199758940546,0.2356419922588053,0.08530890440361577,0.1959813267747136,0.31635166434932327,1
0.8010330272750552,0.15002963634246472,0.048425172145331055,0.49838168194794286,0.08461232277751884,0.428630390420389,0
0.745678580204497,0.23516544772890544,0.07719629835232764,0.557418468580035,0.23715764640444678,0.20267987570354673,1
0.5748539131941517,0.7190472580116051,0.6329351988074708,0.40171540945851975,0.6348912346827074,0.5129158112978669,0
0.767204263502659,0.1890579799613028,0.1055605116557525,0.06182762171278947,0.18596863110966652,0.09422160414709352,1
0.48998044083667724,0.3619783203698763,0.3524700917042594,0.6375602722052628,0.22255112513715344,0.3997031919420264,1
0.8016577053467284,0.45715581475917755,0.17436533404686896,0.09448500046106847,0.26595226713943776,0.5966882940299935,0
0.5339087382334984,0.4896805130997296,0.2372709383354499,0.16004286943625579,0.15476720676736808,0.47547392051691506,1
0.882822764411497,0.10631358324023353,0.037383086552326944,0.5804496413013885,0.10657029330548315,0.14313391008893833,0
0.9238643541967482,0.09403281845084895,0.01652735641282829,0.5887429862726173,0.0681507500076794,0.25528690540435417,0
0.7438759361541447,0.176529479091107,0.16838882542496286,0.33938324109305856,0.13769054660828875,0.3096717046109937,1
0.8003441184905931,0.18738098258188324,0.052919342725805604,0.6464962017326085,0.24171353990169195,0.18981373395211965,1
0.5902384235931841,0.3529507074014346,0.16610622514412718,0.07221563004044951,0.17701019790194475,0.3521505546528093,1
0.7842627799764983,0.16594110966710995,0.035016990855802135,0.5096137438712249,0.2442040063501736,0.5805770489402348,0
0.925459045844067,0.07208004856857732,0.06431582406051162,0.4835770442645986,0.2921881442228369,0.270924726890166,0
0.9347657283223485,0.053144700246648705,0.010381881592102331,0.6288565326796105,0.0509634795026008,0.11232095326475167,0
0.8963936004899626,0.05481668197949363,0.03886721822094445,0.818989666487505,0.6830516608807162,0.2408664758825655,0
0.7671327567795483,0.43099343236521015,0.4636536267788903,0.2518018711290266,0.1722107064459735,0.4573287592640044,0
0.6724892824503186,0.1791494559063177,0.10672287944139408,0.7907250216333379,0.1904935733701437,0.12496923607738109,1
0.6000970911906147,0.7016888222641242,0.3890240064272906,0.22220116924730754,0.32083722488563116,0.413527402991718,1
0.937211826898041,0.050354293904898983,0.010363560739622444,0.6868441755763546,0.3396000376351168,0.3263327510387599,1
0.7484315103689807,0.17494927036568914,0.036232473065492043,0.4630424012939838,0.1375129366608042,0.5219230019319874,1
0.6811876998422626,0.4869397492076165,0.3290710460652042,0.12484351014450712,0.17706777528755294,0.24889185363998056,1
0.7778422309458788,0.08870283439250731,0.06595681753913438,0.7750697379200142,0.6811875911922866,0.24416114390917465,0
0.5774467861235728,0.6015006801857489,0.24516553630827206,0.16953259204167567,0.06353504153433148,0.3420137160364092,0
0.489357240398294,0.23907007100133768,0.28316318556218456,0.5237771887120037,0.11441999584016135,0.36268511874969955,0
0.5778625108394804,0.38979021815618153,0.27030729568009587,0.14361664185235204,0.22505039501117322,0.4274518744440021,0
0.8940407366025227,0.07772715772169628,0.08264196747333737,0.8522073911055384,0.3437519035877874,0.39163734528233907,1
0.8416385727560678,0.07549060715146105,0.010769161401781132,0.7943182992296377,0.25902159915923983,0.1851382790297842,1
0.8741048016415303,0.08856121806917584,0.04204751493386373,0.6896740074463518,0.15340075654158256,0.31099504883533324,1
0.5066257046675722,0.7610786900121167,0.4615708897141227,0.2629546646590481,0.34162754484778846,0.6480852839090993,1
0.7671761563839745,0.18511684101855572,0.033811982548547725,0.5020496906494407,0.08943260940616068,0.4286771784651484,0
0.8057930837600071,0.4075587264131997,0.22168604768324787,0.08753441079047922,0.3224111672627571,0.37567660763025434,1
0.856427482763406,0.12586394256978403,0.03307115462973059,0.7569011669351859,0.08775282936884832,0.4285111147027859,0
0.6717785223102501,0.6314951815905326,0.29969807083392186,0.18674988831060574,0.16893811503890602,0.49315406889328406,0
0.9596727186598699,0.025621500299778856,0.04643867439389156,0.6888432094928071,0.34842445849302783,0.5691498707373798,1
0.6142271389722944,0.5396388983100882,0.3753210029561553,0.3123058580528299,0.43134172272188664,0.5339175255853886,1
0.9315114902567421,0.03084685338264698,0.028083448182103055,1.0,0.8775000786865286,0.31631607236333514,0
0.9713074349259856,0.027220400694555117,0.008184237207088729,0.7558631244919485,0.2786912097363894,0.25718961071902324,0
0.8388605948342256,0.10613549985234104,0.1885454841672696,0.8968785223578672,0.8616378528997188,0.3117207658137303,0
0.7097446578380617,0.2541631850081326,0.021826099083683163,0.6071419282704926,0.09621877713126395,0.259239205159731,1
0.754495591883577,0.2025786804176091,0.04999839494428135,0.6082600079128991,0.0958093882058875,0.14594357659477236,0
0.8076998729988405,0.11477212087179788,0.1518151884428429,0.6810087489858747,0.8826630154870894,0.33142819295666714,0
0.9778595284201386,0.0010755144759565932,0.007935796988657106,0.8018343666168988,0.6950619795725383,0.24160558907157248,0
0.7569744144180561,0.19232347983542397,0.0766145029802671,0.7938079706475725,0.12067263556053057,0.5289721650448314,1
0.8827108805422792,0.07351827322485129,0.0399830897703448,0.6740412513861623,0.7053971127179967,0.24434038109332823,0
0.6576235382051949,0.5484828081506605,0.42812560546357653,0.1944603098984981,0.21543348539763232,0.3318865117059072,0
0.9200587880697,0.022933046772857128,0.038679541447387,0.927617416741606,0.8613542106518768,0.3131266081576701,0
0.6498743693712645,0.5058709050780765,0.25909289068373537,0.23359961574632665,0.09625988133938534,0.23041164832985472,1
0.7004064796353637,0.21706736820256828,0.10410251752691463,0.08748821451469238,0.3180801773700829,0.34061757673516246,1
0.7111076005153854,0.5897034616447554,0.44852234549834713,0.23156455031634887,0.32758137848326063,0.1810486490245925,1
0.958081931624877,0.019454902046674546,0.013864422588262672,0.5362685032164217,0.10086812381217511,0.43462865523309624,0
0.7363659558036224,0.14880539120788752,0.017165859712216323,0.5978172956147983,0.18303490165383698,0.09301829677693313,1
0.8649337976536027,0.07441146126659644,0.05220502345407742,0.6997166679826498,0.45743000807790857,0.26371456209945143,1
0.8210429222632281,0.11458274681854443,0.031540455296888634,0.5909667355731278,0.2613223840162733,0.2593968823554714,0
0.7279221555877433,0.4991123042607456,0.35439259173355186,0.17410466527766805,0.3233485253217453,0.4674847782721586,0
0.6179831824537014,0.5850457579919532,0.40880458969558386,0.22411473183872682,0.22316753479834675,0.4305751704499956,0
0.4605607799250604,0.7341041187460612,0.3521572974132568,0.276603704067195,0.0685063568888448,0.3058293532195807,0
0.857474480882326,0.3134486340019411,0.2201610238371252,0.08947721061608149,0.26416542610324356,0.17863780580616329,1
0.5392849117476013,0.7185388165778576,0.413682050040852,0.31533773857368574,0.3995325473103316,0.4180632084565784,0
0.6921225014876604,0.43921761581675695,0.2218997277007613,0.14316240444252504,0.019655324656355888,0.08981604441777236,0
0.5570194275254317,0.8422689567258665,0.3761283929649396,0.25107160372432435,0.157300388792345,0.3182571687373198,1
0.8498973104611942,0.11015973219487492,0.03645885335551145,0.6952246551232867,0.05183080053543396,0.12282525104959213,0
0.95661978284249,0.020820801865691425,0.011904180802000234,0.757649817616258,0.19205725339010096,0.09145914431857588,1
0.7740882309019457,0.17177374512463375,0.045936849992463946,0.46171134403550473,0.24934054638491968,0.19504142211250564,1
0.8136510423622016,0.17653025314069468,0.25655724718452994,0.32409784823354326,0.14879311437842627,0.5802772669605961,0
0.6634438408357657,0.34749889365419007,0.13059050422509202,0.0947573329510355,0.10238601251514368,0.26564028175917853,1
0.9488808869674525,0.028631114975432585,0.03630365158375619,0.6056545471254507,0.30485075268245854,0.41513392885823186,0
0.7135680600311207,0.1547227854727211,0.0695634149596022,0.7834065165157539,0.3028239318279413,0.6145481307129239,1
0.935395411684558,0.03571730445445595,0.028009535790650995,0.5875189484743997,0.263876761760117,0.6064962171205381,0
0.707905661441645,0.4235180265779796,0.3701846018057778,0.15743331851253842,0.3149962903187967,0.138668263743142,1
0.7186619519756461,0.17874361102493777,0.04128161559920655,0.8288772055368772,0.275976003677067,0.417984275251139,0
0.7615040009331413,0.24737519295138996,0.03452729796325722,0.5546923618605779,0.02935189110478048,0.130005016194567,0
0.7984953984492453,0.11268989783502294,0.049601982286061455,0.6794806835182688,0.18344429193707848,0.10264850597282643,1
0.925459045844067,0.07208004856857732,0.06431582406051162,0.4835770442645986,0.2921881442228369,0.270924726890166,0
0.682686814932467,0.6072850106540584,0.2656923139964686,0.19466913748784007,0.03087076063606961,0.18240679830448747,0
0.8077347741384198,0.15535739184761382,0.08967751350042673,0.5961265287718457,0.13028435565838317,0.1951321293909225,0
0.9418840643214479,0.03199739491991899,0.03330909548904845,0.6258405516051176,0.29745270182234806,0.4100868581555003,0
0.8140943137535255,0.1389308575057227,0.05756013235755825,0.5308220825796162,0.1438932477466228,0.5804441532722531,1
0.38400512861886527,0.8011768604637667,0.44153822145512733,0.28720627679598465,0.15184113330120888,0.17344396623794256,1
0.6338871547599043,0.4784384131014986,0.530569816364682,0.2665722726841801,0.7999173637929431,0.4045919925896807,0
0.8381115720372254,0.0672780528041665,0.018216369671780707,0.583755420601744,0.11588224029400115,0.14234695968719058,0
0.6473705651144546,0.2917105813719542,0.17974844050483546,0.07210368641225415,0.07367312191381697,0.2890850926130627,0
0.8958885393439451,0.13031892719714225,0.011617626978180477,0.5814644869677127,0.1100582476674993,0.49716461816583113,1
0.8914848437724647,0.04608470744605363,0.017150721022987803,0.6663410173862109,0.4362336929953867,0.24183474911242453,1
0.9585085700227707,0.04731877846971076,0.014426788266847474,0.743593330727844,0.3460496601941413,0.3870853575640335,1
0.7641710279053504,0.15609622942677479,0.1990834998592828,0.5291843997282976,0.11839227961230522,0.6238983090077794,0
0.7483083555723795,0.35039623513195833,0.21360023899241398,0.08668816273464588,0.14846270650690993,0.24417979513865462,0
0.7911442752850444,0.1802327868456166,0.04103611744414308,0.3783441954547516,0.08286193210852857,0.41892756469857406,0
0.7859313151277647,0.19570737853649717,0.02431511417696614,0.5916795215189254,0.1305178827234251,0.3051368753470264,1
0.9823171896667373,0.02244964347635024,0.04242452898404775,0.9195313458220132,0.8631957756696076,0.31318929627913705,0
0.5813619280524602,0.7856335338318675,0.5980179671485386,0.39882852271633124,0.23223742627682617,0.37421104495712976,0
0.8948772809296834,0.09896892331377923,0.03133017718989346,0.5515952304455178,0.4448385879618366,0.007801666021681697,1
0.8355897651561921,0.33581115457912164,0.3102272057688571,0.21177985789589426,0.8614410360152622,0.38193084728371096,0
0.9867144739023515,0.0002358736902898506,0.004875083072079043,0.8450919293362122,0.3370744780957051,0.38208409303972946,1
0.8341299033190033,0.09270125815378309,0.11132964136659251,0.8704293850997022,0.7218964330800921,0.24864832298993067,0
0.9240706418220885,0.06476509756703455,0.019370994314652116,0.6656655693489476,0.07226472629268735,0.2653550205547245,0
0.9677877092476186,0.023212502296693024,0.010886149703118787,0.5377997915363469,0.3480750282276255,0.5558807187861592,1
0.8997798056282511,0.07834835410764604,0.025878802039113715,0.7721706805886502,0.19548201386187128,0.10920958432560002,1
0.8417328745700934,0.36809463014947535,0.32598166112948923,0.1647221785548774,0.47171156882928267,0.34958467770111157,1
0.7638586234097178,0.30555374044870526,0.25203015545460755,0.16531525509604406,0.3592174333320628,0.36909982954641174,1
0.7450433842741393,0.383563984306085,0.2951922921633606,0.12439324287346856,0.24751001393318697,0.34308920800253473,0
0.6788955609138412,0.619772676513135,0.4072865627810858,0.21959853435297166,0.42701478209228994,0.4714455877449314,0
0.6406832375827507,0.5387107820375618,0.2842325784725512,0.13376785859766338,0.21913775430023122,0.25599677094450024,1
0.6349326112386457,0.8111894332352192,0.4351094879085553,0.28451291335393253,0.19853712321331476,0.27276243554504875,0
0.7495705099712848,0.1200201057544701,0.026479957021156502,0.7477116257573196,0.43014264044465944,0.00015801767075074302,1
0.6581406424538427,0.42652996840397467,0.2689866061139193,0.09923910995727966,0.22287750467318743,0.16993769131261893,0
0.7462440286437684,0.15670639467431752,0.033663940997071956,0.7293733212225724,0.23535552433898652,0.25532673890244795,0
0.8942661721211203,0.08039396481416086,0.18460655548883645,0.6377491843812656,0.887760800097543,0.3208073634296712,0
0.9492652080809709,0.025821481104517454,0.02087087564880238,0.7261890360318879,0.2621852290539891,0.18584345625772225,1
0.9078011381745907,0.06505305499794946,0.019233297607990165,0.3697863215427295,0.14355898635451034,0.5323154667902941,1
0.6048486701408129,0.8512582506235933,0.9459974359839394,0.5513346641489401,0.7874537079776692,0.4654060407672733,0
0.7756595801992423,0.17102040823225753,0.03804602022353554,0.8296886477000383,0.4146648940642299,0.011412518336889055,1
0.8392847988191032,0.14373112232885993,0.06013588525794168,0.6087021663780698,0.34057576170618564,0.5831928872541431,1
0.758636791788238,0.12763797301394397,0.027498804513144532,0.8023885261597762,0.31673812248583955,0.5623772019603176,1
0.7405511360754262,0.18839918468800124,0.10394577564716681,0.41210776235057817,0.15255562372414885,0.39863426443683736,1
0.8000442288297178,0.14687048068357839,0.034856702411378115,0.5819846850359682,0.25926276584467867,0.25974117527852547,0
0.952228234992716,0.16958781445119575,0.22530491248979437,0.1577299189970926,1.0,0.38047181561893073,0
0.8831823455040679,0.27123636830262604,0.12237711800642115,0.051737123955809906,0.24353293468917273,0.18954139913541257,1
0.8642584471579398,0.09318262425598611,0.04237970094344132,0.7073657782993464,0.14283801802010285,0.5995584301816959,1
0.785828039737358,0.10751423683520427,0.0208075262412763,0.6318822978261447,0.31556532787035974,0.3338995119017095,1
0.8432794389282241,0.1418814314551275,0.0257334664778686,0.5741022078338669,0.1301583169334158,0.5034815502400805,1
0.7627294653085459,0.23836045096443456,0.03555505511855912,0.5358553359474488,0.07648444841955415,0.396924381798047,0
0.6780006866762529,0.3583473745897552,0.3814454378594968,0.28962406945088054,0.23803231217551493,0.7615615801609561,0
0.816092278196342,0.1132270751914951,0.04408845612310558,0.653695075237882,0.6575016575206785,0.2422343925794037,0
0.7674474128311701,0.432806596529987,0.3222865521162897,0.1420872481177186,0.2020878984184483,0.5078503416349414,0
0.9237826324273601,0.03906762306929462,0.015472728858992781,0.6084107431764065,0.14239953336306457,0.5163300434766416,1
0.6083186518153998,0.7067966840293805,0.3408693434614883,0.21992159016407187,0.04033085547829934,0.18962467689875584,0
0.9120880938369289,0.06664902950886946,0.017114549150667884,0.6793145046479098,0.0893779315663967,0.40973899404925584,0
0.6753187023028382,0.4314056854788859,0.11577718529197076,0.06892040297968763,0.07099878497872694,0.42605976879619034,0
0.6593687614124077,0.2823011759416137,0.33989464016456267,0.28316523391463194,0.410264772347008,0.1425988020874122,1
0.7326795353516189,0.1099006567803824,0.08857037795323769,0.6807465741082661,0.14014232318105166,0.1944323911500797,0
0.8298139224828034,0.16028638928268554,0.04703172553434082,0.6279373699895955,0.065908154067333,0.26474511294456415,0
0.96420916681717,0.031485278828899704,0.03106402554735217,0.7630971810130217,0.8750104545527122,0.3113197013955238,0
0.8097069629346298,0.19596030501165596,0.03061874304579448,0.5627542164876446,0.08392302085929138,0.4226447036590577,0
0.6281563255969298,0.566613555127711,0.36912165876574876,0.20277078277108013,0.07447280397044115,0.2646731048247387,0
0.9392109306416925,0.04242472733247869,0.010151356674187654,0.7909083632883155,0.6499654777387548,0.23922709063443437,0
0.8226221757489756,0.09623915212887117,0.02167357815651989,0.707481247774135,0.43091475274907065,0.005536294019141741,1
0.6387523321153676,0.5849408442374564,0.25932501561489313,0.14747372065420292,0.11451549921112383,0.29328005007306035,0
0.8111660787936306,0.17956813545757927,0.013044328209233378,0.7081595374016205,0.09234503224669044,0.13563948934910025,0
0.6282826104399122,0.5034822693690951,0.35790026187512364,0.243063297956365,0.0622861185245045,0.24818858628273543,0
0.5937802529105534,0.6574334587551965,0.5096243915779104,0.3081696779908593,0.4557260519008015,0.8290342328964149,0
0.84439085061018,0.09029298935519717,0.03046490645172178,0.8026745573324354,0.4401290450222778,0.2567006701957528,1
0.7233753873080955,0.5138523148817465,0.3039557710190262,0.14454287640535862,0.23167629580848778,0.2813009939436971,1
0.609176918693876,0.5222529746510961,0.3299851454913577,0.1495283654546628,0.2718800712625583,0.3544028906284955,0
0.7957232898130984,0.1432885044096662,0.024043922527591927,0.0,0.08262693639298951,0.41695749482847155,0
0.6715138727818537,0.43894879513223434,0.45537026818811593,0.21292833071123335,0.4896396062429701,0.4105778818733026,1
0.9824506263922179,0.010985398748143766,0.008241643208602493,0.6477503436441063,0.6875619022117367,0.24197816297155994,0
0.849811219415731,0.07330672461297634,0.06570749180257342,0.5945942767802187,0.29261399869894233,0.4166209653946785,0
0.8691545640027527,0.07890129206530747,0.049872966637392324,0.7008014326059738,0.12868773009847365,0.30584632066841744,1
0.782301631760921,0.38159331986136713,0.16311650120380553,0.08717681432449426,0.26109481911649857,0.5891970061753468,0
0.5904555741255975,0.5889544978248485,0.3304306700030678,0.20841190454019082,0.17867673314287688,0.4662275006522938,0
0.7174467147358128,0.21538912489943612,0.0603522134671922,0.6815325112121905,0.12496035549202786,0.4861527490785127,1
0.5381428059647071,0.9621530676253948,0.5303437949933009,0.4034100039904875,0.7398174442813175,0.4265202748883338,0
0.8787990361883364,0.12249168776295007,0.027428898931447235,0.5632965555373215,0.10951755130214005,0.16465668530454292,0
0.7324947184909412,0.3690458739048873,0.13513990399624792,0.0861493608784297,0.04449008505487201,0.1269243782472413,0
0.743357269610925,0.12672321921510693,0.038423196646810015,0.7743303587038279,0.32567173161560226,0.3360486984218567,1
0.9378561446046294,0.023188699810123645,0.025188014428258656,0.6657425739207343,0.16183201666563743,0.32981927225678975,1
0.9120690153529096,0.06303876721126417,0.019205086109014533,0.7285722248627271,0.2901505704670623,0.4162131128075699,0
0.5811433844065073,0.8197610030266235,0.491696458261088,0.34323165172618225,0.25614128334188613,0.5171121197348217,1
0.9369924122029925,0.080404941267476,0.027742481401712784,0.6043206636681038,0.4311984415668476,0.24452865542937052,1
0.5656290234807175,0.7338797060440228,0.4463060490267839,0.34527306852894385,0.23846429849708847,0.7374248759658719,0
0.8780784216093946,0.2514523051867913,0.23955177212205328,0.3510544696824667,0.5878652954094998,0.27571996701874635,0
0.7570969534577319,0.36303072594993524,0.2548922286675461,0.10940609812292135,0.2500095182192662,0.4386315410188725,1
0.942702053254554,0.030352589227620744,0.03808152118621608,0.6946018775201737,0.35603177267821995,0.6004392480292382,1
0.8332114157681476,0.1220228948702594,0.02875465564198137,0.5148628648569419,0.3221363472900324,0.3831788348528612,1
0.8094132249027466,0.12720848442066074,0.02537634708152343,0.7693679327361335,0.4254745678210713,0.2518280245262582,1
0.0,0.5167499955961148,0.9530368822173444,0.6464594206825452,0.6256993336278869,0.4547756388903852,0
0.7971082830835845,0.5162764100445246,0.2865330394778538,0.16051480496411694,0.18919784806961434,0.4757604924611212,0
0.9306406526831938,0.037890397938506015,0.04641674154062249,0.7730786615230186,0.07523113534223441,0.2868925424137396,0
0.7475464739274444,0.15446840727376135,0.08689861345143815,0.8822273054067846,0.4187942349902831,0.24475406848550463,1
0.95661978284249,0.020820801865691425,0.011904180802000234,0.757649817616258,0.19205725339010096,0.09145914431857588,1
0.375943637770525,0.9999999999999999,1.0,0.7427182607429528,0.6268213093390312,0.4087161056933547,0
0.9958059637487338,0.011638688423702168,0.013630760244349425,0.7532887189320061,0.8728097865161522,0.3113307876507071,0
0.8674476959018331,0.09128049892560294,0.0312546765729286,0.7523742571861565,0.2596658482775335,0.6099520749616815,0
0.6213625310239361,0.4247842366036126,0.4300972109768871,0.1637658193482192,0.19913471711979472,0.569333738862331,0
0.7809066221202146,0.1423741284880979,0.07811962959238285,0.44099573352691346,0.32296014534157425,0.44017169818303625,1
0.59360278979973,0.33753922222524324,0.3656885031328887,0.3734499804457583,0.31311715473219914,1.0,1
0.6679872997828953,0.13647046464918589,0.1066116947447065,0.5629268140138045,0.11121806946762688,0.5082578163443546,0
0.6364708215218469,0.5410979354669163,0.36404951781334105,0.28149808748399247,0.2127554970393257,0.24690391216605634,1
0.4791249546211942,0.7333510734977727,0.6170869319537023,0.3554605465225621,0.420806262861826,0.19511664502230597,1
0.6498743693712645,0.5058709050780765,0.25909289068373537,0.23359961574632665,0.09625988133938534,0.23041164832985472,1
0.5103501028526671,0.6979693609082329,0.13543936018767985,0.08321407503441688,0.0,0.10768405428018302,0
0.9014037900023177,0.05183617881327718,0.046385939463177386,0.7214446343116147,0.4539341411722373,0.01611172843148234,1
0.9511956485899213,0.03592974887948765,0.030721997211959114,0.8892328189265429,0.4660960654074795,0.24556258855703805,1
0.7488856179508232,0.4048271868059328,0.11538755430429407,0.061569697213024806,0.11879603525892349,0.35376438855123904,1
0.5832587067361714,0.7860568977553378,0.35069397189013657,0.19924053543537107,0.31705537005455087,0.5319229553851816,1
0.538707943122305,0.29111018957540263,0.45517680258285487,0.6596742086931389,0.32737834443933056,0.7351084622755308,0
0.6860209034525468,0.22171054626072045,0.1029184653899545,0.6569053873814565,0.08176881138316533,0.4675550030163338,0
0.6737696848163537,0.4775341691281395,0.44503387959471424,0.15974694998521216,0.43209049648532105,0.7483061214618931,0
0.8533503704423449,0.12526140789075813,0.03461210598753335,0.7387810223202913,0.14556497142438832,0.33677408955875987,1
0.6528709762642457,0.23687431577798226,0.04315792973029452,0.07205359255149027,0.08472806055760615,0.27296851435366165,0
0.8636375791126001,0.06342983433740591,0.007764964492019192,0.5917703643679177,0.14116462491469847,0.5302668643320818,1
0.6979812822200511,0.324836125213589,0.3826380889877305,0.3311926708507561,0.41182671399991233,0.6887191410252032,1
0.8363608585873512,0.11984972246135199,0.04730180367172243,0.7022437183607514,0.32608719510278417,0.3438851905880741,1
0.5917417732867285,0.664249188548873,0.5039336066855217,0.3610932961621651,0.17498228976819255,0.27709234830231677,1
0.4757160927903821,0.3226780894175636,0.43244133092810444,0.4447728676107541,0.4909905175734258,0.5712463855470362,1
0.8602248363817868,0.1182555197332207,0.1466497511687552,0.8084185015550405,0.8594964738268245,0.32243536492656844,0
0.8943849006111451,0.05906978271211105,0.05561775975931338,0.742059494418916,0.281967572412264,0.3975709537029568,0
0.6183284886428118,0.18463222007740157,0.1955500206525758,0.36541986281528765,0.33323952746676044,0.44027647515733015,1
0.6995740397643415,0.17158940967042763,0.1577313653833491,0.8671261054420667,0.43458040026717804,0.29066878076937597,1
0.6581406424538427,0.42652996840397467,0.2689866061139193,0.09923910995727966,0.22287750467318743,0.16993769131261893,0
0.8770447729949156,0.10266617167231491,0.04047743845725757,0.6600348958876026,0.33412335902774537,0.4052534986813714,1
0.6998841152778594,0.5388769931574019,0.4099874744934427,0.18746277307468995,0.24279007475805495,0.5177710214485013,0
0.5765598733769497,0.4683361535258028,0.24726491747643523,0.18877900204577944,0.14630852697771166,0.41312406835644844,1
0.9739895658413265,0.029640215771932456,0.019111538100390704,0.7989743456691326,0.3020553169206093,0.4179137920543543,0
0.8564477141120406,0.10233182833429665,0.021511885908386447,0.7086195236059498,0.43323625987000924,0.23818136488900477,1
0.7671754392236629,0.1483902859594355,0.1297807635638411,0.4588188080359582,0.13037871673962895,0.26822473211169684,0
0.7788234448454341,0.4533929207264092,0.5416740906580061,0.2655659094869032,0.5199243118846136,0.7586761730233824,0
0.8697214809095299,0.2604990337914057,0.20815194586855676,0.10140502225740841,0.17991038338697093,0.3450330757242749,1
0.2917279637641801,0.7751771922822812,0.4313342209300203,0.2630660853153503,0.29118495515194254,0.3031309175093976,1
0.8690445231190742,0.22978098687068912,0.13989223939328777,0.04130674409482423,0.30946587738799114,0.6698629530489384,0
0.8862539218395697,0.0708691681853696,0.0327316103432035,0.6785299586194449,0.28317355364986874,0.41491065406664984,0
0.7871434840212606,0.09865094919136147,0.04362652035035121,0.820409594086765,0.44149466190217845,0.25038851394883566,1
0.8832782625800497,0.03817100381711917,0.056439285748504014,0.7541827658291363,0.883652775097238,0.31540847531910443,0
0.9092173419286158,0.05898230591554397,0.0676095571626829,0.6069728558328437,0.6980605517336642,0.2436104298074956,0
0.7704706495336067,0.4335364631680378,0.31210499060115743,0.10970476525000816,0.19260043038721794,0.2411923863748665,0
0.890885399448307,0.09903359646435542,0.039392452986820106,0.4908561883657546,0.10395077013902418,0.1369151572844693,0
0.8783467326588827,0.08909671584216558,0.032784916275884576,0.6821742378205392,0.25238305421391416,0.18532882821400254,1
0.9397389507100373,0.06103666102260499,0.0680470327942581,0.7791198265758296,0.8769732586628598,0.3107049977869467,0
0.7855103084191926,0.21865176595381902,0.26152911503695214,0.19946298254344857,0.46751787268250555,0.597781276394587,1
0.7219272552507221,0.1084385747398638,0.11233455247891333,0.5726393548177685,0.38142388778181113,0.4318571097786905,1
0.653125995901094,0.5638163843685018,0.23238220941627055,0.16582215944760922,0.05912412064229208,0.2799209465500683,0
0.8802536706836064,0.10013232592629832,0.06436487132160035,0.724256645046632,0.27707786644783094,0.3866353395933698,0
0.7566628571121587,0.21083574994571552,0.031066433498929524,0.7396521787278497,0.4147545578503514,0.24866263325678983,1
0.8143906825451068,0.2511642331170447,0.1953285292934085,0.07167901177908023,0.16202726218198368,0.4512933674119851,0
0.9190844671031646,0.05373562934265309,0.0293917497857798,0.5706030335401312,0.12700033147382597,0.2746736578733946,1
0.6317457845148244,0.6048822004828359,0.2597528251377853,0.17483310475040997,0.08640768217787845,0.33172828184432335,1
0.6542946566678733,0.25566539911294606,0.337142540971121,0.41461449496207675,0.3971633087720742,0.12294538436354213,1
0.782398612982359,0.23827571737324213,0.11490208709633162,0.039113347220174725,0.1256682603787718,0.48128524561397845,1
0.990110115066998,0.00021456902353397464,0.01655329010647991,0.7380542955398102,0.8699375361444619,0.31076760355890476,0
0.6721103590144593,0.5371306023761048,0.32688037567257755,0.1508246178463358,0.1528214017428489,0.49134598567578636,0
0.9036603845200835,0.07662297265961954,0.014545589358237073,0.8387225583654987,0.19034553588462746,0.09152775345137859,1
0.825360923860299,0.1396045507142387,0.028280753991492536,0.6578941407894214,0.18467997459097416,0.09553419404951602,1
0.8196887136620952,0.3971616264504191,0.4930665453060924,0.2818990163803512,0.5367583537779297,0.5317747720365376,1
0.7967816543213402,0.13332804437780593,0.030051597515239514,0.009631364581414552,0.18021364352857414,0.08764643070742606,1
0.8075472221977271,0.18472131674030245,0.05785121291340185,0.6544725213481595,0.030409674438246853,0.13185647856995536,0
0.7723443449986667,0.1846973724745541,0.06008480606356274,0.5663850998113455,0.11439222740212027,0.3143711595402019,1
0.6743096615540358,0.21120007254817189,0.07103614427281033,0.6473602748771005,0.3911873621882457,0.016536112838522354,1
0.5862387127393733,0.6678367041571813,0.3452974740016466,0.25955573120149406,0.09343184363036855,0.3073013296684194,0
0.6792079705471294,0.5721981705917789,0.4768438971642226,0.2887234144616754,0.2263391293539633,0.5337210535390725,0
0.8470772592640345,0.39592998198424917,0.32731107834644385,0.14942717708207048,0.33710557999101687,0.3906147058657632,1
0.7486051539340919,0.47372590772046264,0.18404081980925927,0.07024563580702589,0.06752007933518803,0.2573201263823268,0
0.8034868701455757,0.1356338283330552,0.03412391572058328,0.5133160637927836,0.1307655129026227,0.5250834777119308,1
0.38922184226208323,0.7908746982367929,0.699277702169144,0.38690554288501594,0.12230484164819452,0.29174353172106693,1
0.8874262656082854,0.07835536334631232,0.04616929013374188,0.3184422415529805,0.3335964422939319,0.31502393115518545,1
0.853647317971377,0.071633409853249,0.08413153495391186,0.6312315753610809,0.34738709053096994,0.376146922225468,1
0.9138184309192072,0.06622431674281326,0.037488987067747045,0.875318189005563,0.2543094709639785,0.5765783267291694,0
0.8815638114576101,0.09298426589718431,0.05604881944099889,0.4619858868358564,0.18897399111405647,0.0874317410873433,1
0.39677985189180864,0.8529784715552924,0.9758153000405796,0.7015690195291224,0.6916637085208641,0.40484166716240055,0
0.6626800458036033,0.15874484657825053,0.1328275210702903,0.5071705958591504,0.30776439509073794,0.483101713634138,0
0.9370735027928936,0.030230258413571878,0.01901997956842982,0.667413636957642,0.07741977295724672,0.2965160932138088,0
0.5995232807669273,0.5243353963052414,0.24644158705028943,0.13857471146942682,0.12833724980612368,0.3134456765109356,1
0.9028826135861572,0.08658294353221214,0.017409746655105748,0.6617399457909063,0.4323351490465025,0.003963910081414168,1
0.8727997271922725,0.11341040631044406,0.051607683447502786,0.8222667843707276,0.08908923939127861,0.4351250250326668,0
0.7615040009331413,0.24737519295138996,0.03452729796325722,0.5546923618605779,0.02935189110478048,0.130005016194567,0
0.7153870881474378,0.1598075763390222,0.07697092618588956,0.5597949799753345,0.07740282090615819,0.3430114289218601,0
0.662893080591693,0.48681104011813425,0.41564710853113973,0.21915955873718446,0.5096351549483942,0.47400745145406475,1
0.9999999999999998,0.00539030576580031,0.0,0.7369576646836774,0.12429174820144032,0.13539437758364192,0
0.6238092759468532,0.5678868990091407,0.2701300654579128,0.17326570638343786,0.16910822596889732,0.3307756379290898,0
0.5665531290050161,0.5144998530844258,0.41806378224451085,0.16734188054760496,0.08991659760494311,0.35295851634567865,0
0.7492475376314076,0.18418509940805602,0.015859762858673295,0.5996504415088773,0.03149975123507143,0.11081881019594475,0
0.8848147140966163,0.09816250343293365,0.025400458788137747,0.6748533625619298,0.14734121264863828,0.3223525347804188,1
0.785221050012644,0.25378264284744956,0.1496247503812078,0.0793511154973322,0.15244582368054324,0.22315360127410688,1
0.9112043816784008,0.06052136964383466,0.03550856997039194,0.7341880084630357,0.12389942874449486,0.27231666409149324,1
0.9180101845734006,0.03975970242779317,0.012151642147196284,0.6976252202278316,0.32728517762169795,0.3714207946532502,1
0.8287789118184283,0.4036655020550626,0.3831312691374278,0.15351990009594485,0.47918981796292137,0.742816289197078,0
0.7475472287297957,0.18679994535851155,0.06836060901360363,0.5391441714973964,0.2757867912451978,0.3999684264130794,0
0.69410102131734,0.5948486901875654,0.5130591510886813,0.18864646519786216,0.2755514986385361,0.543414951338444,0
0.5904543101412301,0.19055466768564325,0.1589875936721173,0.2657410218635125,0.22850708812561962,0.1846852798547698,1
0.7739918954803959,0.12424931095069121,0.017035686544903273,0.6006229084890544,0.10415590099428276,0.13535020005897924,0
0.6048279533658867,0.50450704955704,0.3222772910551245,0.1383127589555787,0.18060611870822088,0.26515670965558047,1
0.6168667035757458,0.47542284414742214,0.32048210163448815,0.26871816087318484,0.27584945414564,0.29346046581921936,0
0.6595969834984172,0.5844287367877083,0.5820117353782156,0.24602155323245656,0.30556888910708613,0.3395764831984506,1
0.8395613433960738,0.3714670446337193,0.3319404102090432,0.15858052230645964,0.640178542232755,0.6584074252779657,1
0.9814248946322819,0.0,0.011608321810410317,0.8220620070277268,0.6843842670750501,0.23506591727566806,0
0.5570510712834189,0.572289197968641,0.27383616845701886,0.14811740133011486,0.2011955798003113,0.10956931042816714,1
0.6624837981511644,0.6453116215862651,0.3390886205578104,0.23513179854020277,0.05449610156120885,0.21695137990776903,0
0.9985607660218057,0.0022959902545771176,0.008399169213106707,0.7870627715467923,0.8747740268470403,0.311155889817318,0
0.7170520697251603,0.1532191794507117,0.026007239986990813,0.7491150360924865,0.25051843794408024,0.5841305433440181,0
0.8025423082702627,0.1871423674025608,0.03718475416958654,0.7250543026949235,0.401849745790524,0.0026705008093450555,1
0.7020443878932066,0.21464242655337862,0.031015666618698878,0.5230478418156295,0.2399454580082445,0.5866529238749356,0
0.7363175732503564,0.4647498835472055,0.3176371469919565,0.12693556154555624,0.27785821177742,0.26334243809949376,1
0.8711084074785591,0.06141628755419319,0.010493251720413165,0.6352298659941422,0.09309258817413096,0.41715337843688194,0
0.7898574997753791,0.14750504992979616,0.05398950924805536,0.6666197702167076,0.40018719275373127,0.012189893037509059,1
0.8944654233747207,0.04714765880563057,0.040636861936136956,0.9009379488447969,0.6705466556603944,0.24232329869438685,0
0.587422412188588,0.5907160351186992,0.3542845133260085,0.25800472049237794,0.33020941980436647,0.7246746054769002,0
0.9712554544657033,0.026818800563249267,0.00813395376302765,0.6239939304357662,0.2540764820036394,0.18447107357443104,1
0.9318242805521184,0.11821427550400941,0.15127918991573566,0.12335616318748127,0.8638574638670478,0.3131998922663283,0
0.680592949574373,0.1620174691228518,0.1356651330948402,0.4215469232162967,0.1418121602575204,0.3038096772703919,1
0.5902384235931841,0.3529507074014346,0.16610622514412718,0.07221563004044951,0.17701019790194475,0.3521505546528093,1
0.9270110088789971,0.034937538291144085,0.020706798349015395,0.7107936082306673,0.6660822057789384,0.24054207462373933,0
0.8612114767820993,0.20857331300614532,0.16827804388227452,0.0917387719171174,0.18295054957269877,0.31575884209608607,1
0.8773339530858697,0.08507566654951082,0.030999516480057648,0.6360061567095623,0.3377901457294611,0.41498129019814134,1
0.7274360751685902,0.19469885346793667,0.1480206742109536,0.14989430879496402,0.24479101807259887,0.2596432092652109,0
0.6536949697860968,0.19065648433300925,0.06914643126715973,0.6354988911532627,0.13341235966642315,0.3321856376541038,1
0.7590448034927852,0.10909907372004397,0.10985992762362704,0.5846327407307553,0.2664970541483963,0.5814531641984454,0
0.9248224912285907,0.09269456038439654,0.040613755266181994,0.5706038537099913,0.364894952668412,0.5479101740947907,1
0.8713212207443723,0.09555856713264521,0.08387978101490963,0.6037458112618981,0.3719139338595365,0.6356373082904679,1
0.8619524742453792,0.11471521793931831,0.02161943352966043,0.6920237770892281,0.406144601330396,0.0,1
0.881369168011082,0.046541430503394515,0.023251545957356543,0.8120063540137747,0.3416699339719257,0.38958030559818013,1
0.839741911940614,0.06725965334969577,0.03763845724194549,0.6389859660664378,0.4702822432268957,0.004997497137217144,1
0.7916013182467936,0.07931589794575047,0.02108816649008648,0.5625709091585647,0.25459417213842994,0.2568149864606172,0
0.7500383763484006,0.16205566553831896,0.058755044680522034,0.45761835533104134,0.04955750115906385,0.13371913977190192,0
0.8945924029880106,0.05923901479855792,0.022434715626438177,0.8095316594822869,0.13834148700501872,0.5260876854813794,1
0.8050948463337606,0.14086104116181705,0.028583459135650097,0.6610720714385186,0.089901099341925,0.4249593057229989,0
0.7736791547629813,0.34549849368005864,0.18581174836274628,0.06829383509063569,0.11170349664218746,0.34537906223348425,1
0.610273846591453,0.7468487884994376,0.316903735316226,0.20482451064210594,0.03832282599208317,0.21560618766553974,0
0.8410209821287415,0.45340065660949475,0.2592784525583416,0.09195156951234729,0.09257588306704675,0.20094762608266292,1
0.6047390118330551,0.5591530514087768,0.28687669612101147,0.2452181050704218,0.08405080253968711,0.4037044700722464,1
0.869191857937835,0.31429522575268415,0.2622257473277458,0.09156858532327017,0.19269755634296507,0.1852790260796109,1
0.5884298030509669,0.7238624459424766,0.47081144866336105,0.32178760394467903,0.2838146727438138,0.3806823291381717,1
0.9649292390806099,0.02648661990450513,0.036758832127290655,0.6391804443800073,0.1101326900210979,0.4562272158370657,0
0.8455931233950589,0.08430709457952415,0.03939984541765215,0.6445019914002029,0.09269934642074956,0.43485431178443046,0
0.8547907260475875,0.11301621201320629,0.06673364472996512,0.466853467233003,0.2924666641647813,0.42351628303933997,0
0.8031349731492348,0.20930006682787433,0.02756744248384808,0.42377279159673725,0.3253998086936448,0.3374091407825749,1
0.7497141035574544,0.161897594042392,0.021044453017793518,0.6477091612196547,0.24830586490136844,0.18354250787166781,1
0.802655481373377,0.18574369103046903,0.020667817130541683,0.5894795470486345,0.07494998714525603,0.39791951189428565,0
0.4415774552171037,0.8466283497490662,0.5968694478659277,0.3989996216608922,0.3241497514395948,0.7460338522005294,1
0.9254450534398371,0.04220945295211764,0.023030827814070554,0.468081403046802,0.43854141638014876,0.24427675110246905,1
0.8501710229133959,0.17593387478550726,0.058127576603249104,0.5556710899403827,0.08170567267075754,0.4004178854335233,0
0.622605186985181,0.7263070863371753,0.6407641789259144,0.33219674736202337,0.3898542730577653,0.5039766344352749,1
0.8967913539002537,0.06921938070406022,0.02342568854807756,0.4425716940631084,0.34014882089973963,0.5621199744208184,1
0.8780625640521251,0.12031641236558359,0.18034262395340264,0.32987842647824567,0.37063813799557244,0.38448344128183787,1
0.8484642817872954,0.11159388929620796,0.04195205137015619,0.7026071663320989,0.18927923797069648,0.09581376967831706,1
0.6910978088875026,0.23267414239090425,0.26538235330962484,0.4777617095447906,0.3286101580488878,0.8523157588339061,0
0.4789913088032409,0.7817291014848194,0.850636982820738,0.3850477355152825,0.43774132104823593,0.6714725866125506,1
0.9186058133811852,0.04009037186217708,0.01855186915307389,0.6360143681686407,0.3506667333794712,0.5536200980296888,1
0.8172460856421904,0.1707459935151647,0.028564706288150683,0.5174867813808366,0.0668418385403991,0.2791781794529251,0
0.5176839634609745,0.8669284640829853,0.6667539761390329,0.3810825588575073,0.3044645781712294,0.3737315212250746,1
0.4649346171619373,0.8564291459007373,0.44855394357969436,0.3179810579714817,0.29983320585019235,0.07179178033337791,1
0.6466038190360661,0.18413623203626486,0.12959244295329808,0.6107000928193241,0.4268897675087001,0.017094838503935006,1
0.489357240398294,0.23907007100133768,0.28316318556218456,0.5237771887120037,0.11441999584016135,0.36268511874969955,0
0.8439261263686959,0.11647522254176605,0.07479134246126665,0.7331756045505525,0.2797054845162099,0.4157018351141535,0
0.5348711288285601,0.6264327237743306,0.17235293647052247,0.11457659376080268,0.29660431573279433,0.3150663719794965,1
0.7823047948656343,0.15096828252585276,0.0748145848505681,0.7040366743150684,0.1048562934043972,0.46215488813631955,0
0.689979249773587,0.2807223669625327,0.04761041091721124,0.48385238114942464,0.09157109091067189,0.2601608021516759,1
0.7671761563839745,0.18511684101855572,0.033811982548547725,0.5020496906494407,0.06597402680228653,0.2744875746192218,0
0.5376046334153679,0.6481536909431994,0.42364246355440516,0.3021919454108607,0.23656803745448005,0.510079341403433,0
0.29740063176871123,0.9682477544796115,0.7704903656299525,0.4174306464272494,0.3705201527787012,0.4384301370018303,1
0.7834487023261849,0.14251535562744957,0.07979772309133103,0.6734451067541333,0.05163973028283936,0.12836648801305206,0
0.7758820893979419,0.2161606984262003,0.031054725142998365,0.641931017861704,0.0936893830197266,0.1444762023218587,0
0.7966839854064738,0.14735136246925168,0.05740440917012676,0.7190592359011155,0.3305566607322774,0.3642963376083648,1
