index,Video,Mean,Std,Diff1,Diff2,PCAd1,PCAd2,Label
O1,T1,0.8431838044414546,0.1852345487907496,0.012202633987362006,0.11444589303733348,0.017396068314324296,0.1021969057675792,Genuine
O2,T1,0.8592472966838554,0.10634655845862284,0.0031250037026598378,0.21364198214390293,0.017051654870222786,0.10749745582717145,Genuine
O3,T1,0.8486188811058615,0.12974385002513997,0.006686824090195614,0.05941109078954683,0.017846061115098507,0.10847376110745063,Genuine
O4,T1,0.8671640757872083,0.09704069972738522,0.002018243226668438,0.2625119352188697,0.01739304901924133,0.1073332504511183,Genuine
O5,T1,0.9420669902066424,0.033818945123276045,0.0016246165444079768,0.2976242126164671,0.019180101357280818,0.10784394950993365,Genuine
O6,T1,0.9510124346009377,0.0268144961465476,0.002342989654895754,0.24802851701691597,0.019654097216447397,0.11008328125001708,Genuine
O7,T1,0.9278321552498706,0.0810668301573772,0.008304516258954276,0.05821458273573238,0.02376390071622761,0.11740362645997748,Genuine
O8,T1,0.8922375725535234,0.07270113086573896,0.0036604520636251314,0.2463565973107249,0.01872797338708316,0.1171563763735265,Genuine
O9,T1,0.8554877352807951,0.0647545014480321,0.006904646411753958,0.1889451211641454,0.02074209486581846,0.11527458619522704,Genuine
O10,T1,0.9310136563208049,0.03563209085172621,0.003222121177114542,0.29963702561607064,0.019778044486158584,0.11563746476143533,Genuine
O11,T1,0.8808349188106391,0.06983924821857493,0.008309271423013267,0.15637678602470212,0.020439343191635158,0.11631905184812122,Genuine
O12,T1,0.8973951705571752,0.09690736461206897,0.0075038461411191405,0.053304319034712895,0.021523186855025675,0.10090370455640232,Genuine
O13,T1,0.7967352675681533,0.17956172721015506,0.011265953011581821,0.08528920599889002,0.021693703229380194,0.14586083144509307,Genuine
O14,T1,0.8927722133772599,0.12904294592360552,0.00905712936889446,0.048921394551411965,0.018530473619207163,0.12268120378384936,Genuine
O15,T1,0.8549980096792651,0.24055678154533894,0.018883227848457716,0.07970943587158358,0.01730647115961579,0.1297533178769103,Genuine
O16,T1,0.8359226337488657,0.2199263224084561,0.012230960877573527,0.0911518125429846,0.016672378506307074,0.120248978476245,Genuine
O17,T1,0.8609578247683778,0.14544834951693472,0.011196032466608996,0.05566588877910264,0.02472107185102211,0.1175092524568896,Genuine
O18,T1,0.9478561680862314,0.029192097261600068,0.00260554678121284,0.31287091635188646,0.019426321502205093,0.10966332431255442,Genuine
O19,T1,0.9197451131996051,0.16684991929877607,0.012210599006944125,0.058298932210089124,0.017125461523014016,0.09694715897432343,Genuine
O20,T1,0.8776059937906494,0.05644823988455448,0.0048060900053536505,0.29777607075351054,0.02014558130699432,0.11755371738141512,Genuine
O1,T2,0.919049707382508,0.05834729507143988,0.0036626445764154593,0.263130387998392,0.03534220497475689,0.1650536387087206,Genuine
O2,T2,0.8686954901899359,0.06219857575522529,0.004067309914292168,0.3323803251794997,0.03256915765110675,0.17064035349662363,Genuine
O3,T2,0.9134726789724703,0.056901418743022396,0.0022953015008721277,0.2826292793260325,0.023890935019832235,0.07816513993634769,Genuine
O4,T2,0.8192973960351861,0.13165406731451215,0.008211293559976792,0.05047592970578994,0.023327554283346,0.12388771321136978,Genuine
O5,T2,0.970519889666728,0.01611974248986498,0.0015486590988496103,0.2350258502469787,0.0358930609471345,0.16018729807034005,Genuine
O6,T2,0.9604721539199137,0.018621500278265504,0.002715987607817532,0.2971796237259394,0.036477520799143015,0.16812650589619427,Genuine
O7,T2,0.919160473743666,0.13814185819600236,0.01532952587050258,0.08470955559639268,0.05734942135014416,0.17845497531117352,Genuine
O8,T2,0.9104796420276817,0.04305838682409356,0.006592549946891188,0.061421398583186876,0.03921215009902652,0.17320788986926694,Genuine
O9,T2,0.950820716030213,0.02203344382789235,0.0018777008573431756,0.2739564965456845,0.03608343373325365,0.1597845123791169,Genuine
O10,T2,0.9672695349207278,0.016963811977360473,0.0030747083261278224,0.29489698223001964,0.03591872822380433,0.16255152680057675,Genuine
O11,T2,0.9091832223470258,0.037497138665186454,0.005510991129375882,0.22991784099813276,0.03534260143403342,0.16383393277931435,Genuine
O12,T2,0.9360138054683924,0.02215427040467407,0.0024726485476330388,0.31003452477207505,0.03558990138379077,0.1616885280710969,Genuine
O13,T2,0.9420832158275241,0.03223972358940534,0.0020869036744800822,0.19727899527341322,0.035310844188683965,0.1612989763057675,Genuine
O14,T2,0.8867471890279,0.05270854556769208,0.002261737262957011,0.33990448227337733,0.03359121960913854,0.16134480777573096,Genuine
O15,T2,0.8165017605299301,0.28340667136601577,0.016134499878989083,0.10082651749654618,0.033614522917195036,0.15591862794333963,Genuine
O16,T2,0.8156544954716165,0.2952159824681365,0.022186861483185952,0.15790223284031316,0.029140100202430498,0.1532797100010235,Genuine
O17,T2,0.8975110292786832,0.08459813844546779,0.01230720597835392,0.10091469187942984,0.04466669288002369,0.16765292228467954,Genuine
O18,T2,0.9533107261081266,0.040465003500913935,0.0028246807004918407,0.248028842118788,0.03712856255341296,0.15876714772280892,Genuine
O19,T2,0.886130426658121,0.1351859241609185,0.012022325638528349,0.06521762089102644,0.028689693562080214,0.1392964471935777,Genuine
O20,T2,0.9318814827152936,0.041468499852957946,0.004681822654137135,0.2611657701730679,0.03764413933656686,0.17439791386741332,Genuine
O1,T3,0.8778075140994853,0.17082648389223465,0.014715575554179258,0.07216601250164925,0.03073530950672862,0.10806434323223227,Genuine
O2,T3,0.9034525204542406,0.07364141948575004,0.0033528831951753677,0.2781113233446483,0.028080315406245088,0.09496337977342545,Genuine
O3,T3,0.892936063545092,0.06817292474026401,0.0030531681191611733,0.20486563840629612,0.028640554472377476,0.09589482215851063,Genuine
O4,T3,0.8831733214153125,0.06471249938011947,0.001984692012367009,0.2785921205784606,0.028564552309620118,0.09384600520964637,Genuine
O5,T3,0.9719088502583195,0.017383324413016786,0.001430524408719317,0.26919179230543555,0.028988430949751582,0.09401145223447924,Genuine
O6,T3,0.9631009408800593,0.01703388164746741,0.001977241413228856,0.3097002549577434,0.029584056099013142,0.09425597626891977,Genuine
O7,T3,0.9263353497727393,0.11781325266601117,0.010531530575311384,0.05731813695230148,0.029729510773540017,0.09297211081314347,Genuine
O8,T3,0.8378151863396213,0.19757746540928078,0.016707770573918708,0.13343206113383663,0.02595321260045741,0.1051354118704206,Genuine
O9,T3,0.9408296580213111,0.042952860231417714,0.0028440481360824986,0.2199302975316561,0.028365283905626596,0.09490934956102685,Genuine
O10,T3,0.920147090681562,0.05081280123095694,0.002479245081744322,0.3002601779871223,0.028899606463185554,0.09487614310735872,Genuine
O11,T3,0.829086887249704,0.08562815955224265,0.012756855143415067,0.1856669504475821,0.03653108215594311,0.12065449905172956,Genuine
O12,T3,0.9346954608397887,0.039204383610420376,0.0024886372325372734,0.29225351130898547,0.02886404080985005,0.09416428251103522,Genuine
O13,T3,0.8060046303910611,0.20850632168912975,0.01283547139762076,0.08056214616005533,0.025104082964499348,0.08066584423882346,Genuine
O14,T3,0.919992481154615,0.034437048322196864,0.001543637517164282,0.33670557676524926,0.029351672783000497,0.09413033144487006,Genuine
O15,T3,0.790236643433669,0.3117426108129126,0.02970099422651298,0.17290571122551918,0.032689670748511174,0.1277328979966516,Genuine
O16,T3,0.9366323031554036,0.10302283547628997,0.006334274396429663,0.04235858598305725,0.02821395840745479,0.09491485656709922,Genuine
O17,T3,0.9123225211266948,0.05941114596212261,0.002123857731484083,0.22441238824679277,0.028197986233793444,0.09321731802468919,Genuine
O18,T3,0.8470780720478063,0.21275979732352895,0.026063535785637977,0.11936974519043782,0.032770787518083155,0.12164733032196369,Genuine
O19,T3,0.9485841589043857,0.039565120583732176,0.00255497472698188,0.2790997010950763,0.02675185165438973,0.09418850229054121,Genuine
O20,T3,0.8815569446196718,0.09038423494480316,0.004394942224646623,0.24280237184922354,0.027745663859283863,0.09725580223477373,Genuine
O1,T4,0.7366933114272471,0.2887044338207403,0.020033879685546128,0.1356946936954288,0.02147876953688619,0.0920466993947974,Genuine
O2,T4,0.9027120395016821,0.04747100940570524,0.003210489500783542,0.2911858305896495,0.02380016838713349,0.07943273116650228,Genuine
O3,T4,0.9134726789724703,0.056901418743022396,0.0022953015008721277,0.2826292793260325,0.023890935019832235,0.07816513993634769,Genuine
O4,T4,0.8778268931067597,0.060125227442761386,0.001818208074351852,0.2588158038681916,0.023770096768540867,0.07771687039839745,Genuine
O5,T4,0.9660467208809635,0.015281733759906588,0.0015923568554873323,0.32217079244962155,0.024432830427173216,0.07743906869332859,Genuine
O6,T4,0.9717693685081803,0.0169256773484213,0.0027361516376689056,0.24925766577145048,0.024372751032794137,0.07674874187620814,Genuine
O7,T4,0.9261853334245377,0.09022348111346262,0.01026486233357143,0.0741645859860591,0.03271311372392022,0.11698992045832576,Genuine
O8,T4,0.8198995433523606,0.2407274451685674,0.02271212631485748,0.16498229555293759,0.023178595007966693,0.11051423097631662,Genuine
O9,T4,0.935984020232265,0.040566511091783795,0.0034872122073775404,0.20497446266661304,0.024206350486193632,0.07672148685670994,Genuine
O10,T4,0.9432802015975326,0.03543835135591,0.002192200611335673,0.32792662421832763,0.024684394997447467,0.0806017501060686,Genuine
O11,T4,0.8193838666057248,0.07475342155282169,0.007905734892860242,0.12718621892374352,0.027110240157689886,0.0940496183994335,Genuine
O12,T4,0.9448345173890185,0.0348338087897873,0.0017057361308336406,0.35430669633272777,0.024307096822664343,0.07745129311305977,Genuine
O13,T4,0.8251410438898374,0.18475667839435056,0.014914748139632642,0.07667574683465359,0.02359169137550983,0.10838760073603652,Genuine
O14,T4,0.8557259548246154,0.17860141293392953,0.015206361876592954,0.07133675766060993,0.023331783609860254,0.10548961298017942,Genuine
O15,T4,0.8059919558922009,0.3031023638263429,0.017226241716314705,0.12137150232497777,0.021879777219894946,0.11784876535388972,Genuine
O16,T4,0.9020256214092228,0.054702244032263495,0.0023713128225588027,0.025668553998497205,0.023562862249874687,0.07675973914063501,Genuine
O17,T4,0.9117556138126997,0.05478515877577874,0.002223288527444128,0.28390328542435395,0.023942007600270696,0.07888914287037402,Genuine
O18,T4,0.9227264308129127,0.04708698776498028,0.0028821254460648198,0.3003527888297594,0.024228772286185533,0.0782149532730488,Genuine
O19,T4,0.8901787792493638,0.07422900914616684,0.005612441858513164,0.046358293690657235,0.023985592829050793,0.07793126946973951,Genuine
O20,T4,0.8522419160020345,0.07075724087976949,0.0056623350932839996,0.3352812604982419,0.02431797086385211,0.08340972318430737,Genuine
O1,T5,0.8431838044414546,0.1852345487907496,0.012202633987362006,0.11444589303733348,0.017396068314324296,0.1021969057675792,Genuine
O2,T5,0.8447140966280737,0.07478909627121108,0.004049411392396042,0.27375216991669626,0.020125090481568474,0.12033046776428685,Genuine
O3,T5,0.8828414821982009,0.14983065082680055,0.006034255807611617,0.046256056651956756,0.01905145353706695,0.1241752577720563,Genuine
O4,T5,0.8192973960351861,0.13165406731451215,0.008211293559976792,0.05047592970578994,0.023327554283346,0.12388771321136978,Genuine
O5,T5,0.9647436043581603,0.024217201665797224,0.001411145254535227,0.32703687601793424,0.021651452042771677,0.11668588858120502,Genuine
O6,T5,0.9623501049736585,0.01987398845203334,0.0026440522280580902,0.27645699198137946,0.022489450515244883,0.11693502424103452,Genuine
O7,T5,0.9312407275710552,0.09926066696210106,0.010016055392784736,0.062046125730022286,0.02354058638333372,0.12261955770063665,Genuine
O8,T5,0.879503213049738,0.07399817915461523,0.005543131263566856,0.18520359271062825,0.021531252178429505,0.13216993972918983,Genuine
O9,T5,0.8937120482909551,0.05130034940185535,0.0032402188229399003,0.26832449685046267,0.020909632263589883,0.11513434811840872,Genuine
O10,T5,0.9585311877525906,0.01611140252751798,0.0021625493865934688,0.28574026941234243,0.022212646344023222,0.11990884104095631,Genuine
O11,T5,0.7791403549944993,0.13481718021116856,0.016210737679074185,0.2745692675347282,0.026672747000982166,0.13236039569258515,Genuine
O12,T5,0.9372861273274267,0.04238087220679134,0.0021716683044214606,0.2893516365052391,0.0211482294554518,0.11857845645212456,Genuine
O13,T5,0.8251054195067616,0.2039036526623197,0.013395220313851767,0.11905127152504062,0.01649925474531502,0.1330733226940928,Genuine
O14,T5,0.8976796580821929,0.07655883857746071,0.0021250811964842976,0.2563828909485301,0.019912477700518207,0.11551105947061266,Genuine
O15,T5,0.7387827987489399,0.2850947418326696,0.031097035925608918,0.17521384652835376,0.019309191670512506,0.11312470291136673,Genuine
O16,T5,0.787631386303897,0.2693490559236735,0.015443898183230779,0.10435164606959127,0.018783865607548533,0.11550066722715413,Genuine
O17,T5,0.9246834905627164,0.05187583997683742,0.002567067146356414,0.31469151166526155,0.021017756283980484,0.12114801434602593,Genuine
O18,T5,0.9329964101181193,0.0390167548410218,0.0028862231043576,0.2952262969039119,0.021593331110896435,0.11655483846407663,Genuine
O19,T5,0.7858074005943863,0.27465475750748625,0.02089375780061274,0.12608175265704083,0.035419463333763265,0.1766158296542731,Genuine
O20,T5,0.8107857536544263,0.13512624496057948,0.015508562236871287,0.09465646776384579,0.025538888724665053,0.12498122238229223,Genuine
O1,T6,0.8289057663764472,0.1970662450829777,0.017191585474325383,0.14564375577624605,0.042009386567937554,0.1562740101251956,Genuine
O2,T6,0.8518512282481909,0.16178624747553605,0.02062760360282489,0.10625213490249119,0.04629163700173096,0.13429799158887556,Genuine
O3,T6,0.9248024290629976,0.03308555589982852,0.004692628888220921,0.27206067597102374,0.035842528726717685,0.1281632616296227,Genuine
O4,T6,0.916617092185917,0.0507411233760107,0.002315643157444318,0.22593402894759684,0.03398774430460383,0.12941617138024686,Genuine
O5,T6,0.9221708768424504,0.14671323059467034,0.01513081738571334,0.08108131977234823,0.035087304003098965,0.13074105634257638,Genuine
O6,T6,0.9781007609760322,0.008069145890225428,0.0012906413162251445,0.35683141045265365,0.03508501942436903,0.12922111595723929,Genuine
O7,T6,0.9056350331673138,0.15078773307984766,0.010596990383924091,0.056548042986281716,0.03400793110858944,0.12807946341234847,Genuine
O8,T6,0.9409814915690131,0.03522069533691334,0.004628691001320305,0.3596518627204539,0.03557550735434252,0.1309232649342202,Genuine
O9,T6,0.8956670821478546,0.057871828884153924,0.0044345751041021024,0.19665431038122022,0.03404825609938107,0.13957086441556618,Genuine
O10,T6,0.8888387262897316,0.11504702423959683,0.011899474599030912,0.0873790931450725,0.03671152237678017,0.1269076471760605,Genuine
O11,T6,0.8790412399955054,0.06039827403098123,0.005880606592785649,0.16771016935660493,0.03653845990362661,0.14788191779872467,Genuine
O12,T6,0.9505821445985765,0.021917583217110036,0.001602978835161182,0.29837802715674855,0.03436594981721619,0.12732118471091108,Genuine
O13,T6,0.9668032502089059,0.02456614723935828,0.0017006367373224513,0.31659903173935533,0.03574428825392272,0.13011221535223755,Genuine
O14,T6,0.8624524075042275,0.12180322437149312,0.01750566256397049,0.153130178402683,0.04057591849812446,0.18385575973928422,Genuine
O15,T6,0.8322614853790071,0.26247141420221637,0.028585413538526228,0.15352817785304293,0.03896194061294137,0.15093929730208433,Genuine
O16,T6,0.935906058311871,0.024293778520623834,0.002079428813881022,0.34371683138880127,0.03542257701189801,0.13055675226344798,Genuine
O17,T6,0.9341739776997757,0.04395887639683008,0.0028188294659386402,0.2834778395132994,0.034868246016044956,0.13334932058417018,Genuine
O18,T6,0.934289805052983,0.037795480401991995,0.002412001100434013,0.2739532416580707,0.03513758853751699,0.13508256806451,Genuine
O19,T6,0.818572976419471,0.2616148562630146,0.021290397644526934,0.1494021642352243,0.031172839242229085,0.1289713569295896,Genuine
O20,T6,0.8720436579494637,0.045981422406665785,0.005903209387785635,0.24883568135166662,0.038342689641472666,0.1380894141421868,Genuine
O1,T7,0.863423789028779,0.08404299402601444,0.0055498592196417205,0.05652973154072408,0.03368979977642961,0.12183282697309905,Genuine
O2,T7,0.8806271736207814,0.052388032321446114,0.0027306536147229353,0.32878268517897113,0.03424743471096865,0.12101876791243095,Genuine
O3,T7,0.8395024152264121,0.19674104986675756,0.013281724753990354,0.0748742229227876,0.026422019052311032,0.10675553032584348,Genuine
O4,T7,0.7971207407001724,0.22747723740573333,0.00847942610683776,0.06726712050472408,0.032112297948612756,0.11728024572317604,Genuine
O5,T7,0.9660467208809635,0.015281733759906588,0.0015923568554873323,0.32217079244962155,0.024432830427173216,0.07743906869332859,Genuine
O6,T7,0.934581640771897,0.050143202659058445,0.008822373802268479,0.15260923350254038,0.03755042620219692,0.12964861939292893,Genuine
O7,T7,0.9200302525291422,0.13696022493533058,0.015073753755653015,0.08714400733760971,0.04497473934859293,0.12343053855320343,Genuine
O8,T7,0.8483982811983357,0.1785563155884539,0.018922534901605132,0.10872209142628808,0.04776040296622383,0.14559954358712449,Genuine
O9,T7,0.8930705939551911,0.05720204768968985,0.00434553677992172,0.24332024446597628,0.034324914610054456,0.12296870314054528,Genuine
O10,T7,0.9383321505801454,0.0354408072668245,0.0030631453317802168,0.1480761174865853,0.034829541533554956,0.11727268383704043,Genuine
O11,T7,0.830548509054017,0.07267830263989435,0.009475132957449011,0.16669727556747344,0.034803324481045186,0.13958953303386248,Genuine
O12,T7,0.9358710674120498,0.04554079012770697,0.001976334517525119,0.2712208263352416,0.03389057737563084,0.11936787295093532,Genuine
O13,T7,0.8976382924574613,0.04565755106245575,0.001974522216343506,0.2723186116766457,0.033505072395079306,0.12063583699595273,Genuine
O14,T7,0.958273114610928,0.02562973714453122,0.0015262275981091165,0.29410459799328975,0.03527053350790013,0.11928763075844934,Genuine
O15,T7,0.7747387999867552,0.2818902895444608,0.03759395042855275,0.17447744217696093,0.04247946680162566,0.18078285805047414,Genuine
O16,T7,0.7597531638045705,0.3046298165806292,0.026701285167944924,0.1800077408694663,0.03413563819494975,0.1940677979557476,Genuine
O17,T7,0.8726236885551215,0.18803109095219833,0.014128318997487774,0.07914526314428272,0.027343033188157864,0.11126410564632686,Genuine
O18,T7,0.9178785608597204,0.049979682926879584,0.0031117571089901036,0.300208724018754,0.03427795243461068,0.12241503347572805,Genuine
O19,T7,0.9045703612683518,0.08132147159961023,0.0022646834650359242,0.1898274188596375,0.034227460708823494,0.12126116448207347,Genuine
O20,T7,0.9019865013859105,0.05961576197593574,0.00354539926094502,0.30687411919878427,0.034606255453086494,0.12605178587556903,Genuine
O1,T8,0.9210948705275528,0.039623536291226044,0.0023890536099890995,0.34001786033593207,0.04265485622240839,0.10688094744663018,Genuine
O2,T8,0.6997328839948758,0.27959461863248025,0.019595885274405832,0.12612591797658518,0.031714220732141536,0.11515364829853478,Genuine
O3,T8,0.8981651766879539,0.0425520147982162,0.002954000006748031,0.3470477378414094,0.042755167127764504,0.10575628015790174,Genuine
O4,T8,0.7020049979513414,0.34724306428316853,0.034153753584678447,0.187313496600493,0.03754175963978319,0.13926056206955278,Genuine
O5,T8,0.9399577616828703,0.024133750991981964,0.0018175582643819165,0.2859774825805207,0.042368724515741876,0.10423221466733572,Genuine
O6,T8,0.9535600853669111,0.02277593165364249,0.0020699547538828647,0.2073906252542174,0.04253823752150814,0.10466731792678913,Genuine
O7,T8,0.9112007483844208,0.14714477662003234,0.022245670816546097,0.13359098276838696,0.04975272795194372,0.15589222540220557,Genuine
O8,T8,0.8823051053429353,0.06210944621848389,0.004811402394172902,0.37155126406853245,0.041087715290416,0.10475236386450712,Genuine
O9,T8,0.963874153911213,0.02057563651374676,0.0024000889206853343,0.3743281346546531,0.04456225452904908,0.10489642178087732,Genuine
O10,T8,0.9259240915945879,0.04384172851642204,0.0020047560052254207,0.30273598857948764,0.04214854912469572,0.10358127359925881,Genuine
O11,T8,0.7734269544834907,0.12104708751873744,0.019643406635315743,0.19815150434247214,0.046390867716149024,0.16292507294463912,Genuine
O12,T8,0.9070850339796691,0.052558060504461004,0.0021706333385064823,0.32681566096773706,0.04157841677792684,0.10601276469264317,Genuine
O13,T8,0.8859565549694484,0.08185954728940795,0.0024148734327319255,0.3150368237679699,0.040790982233570104,0.10544877168018621,Genuine
O14,T8,0.9125043931829333,0.08555799964176086,0.007500889191690894,0.08892102390799361,0.0375996613600251,0.11201440056818363,Genuine
O15,T8,0.6129719443052477,0.3393202355922603,0.037243567085339185,0.21338544214845903,0.03806355721396175,0.14031891991065404,Genuine
O16,T8,0.8232461581031205,0.2538456181191347,0.017779770365283165,0.10992773591418678,0.033892317727448884,0.13482352197651698,Genuine
O17,T8,0.9293230828338277,0.03405893505153258,0.003322221902281722,0.2992070427223288,0.04392569235015942,0.10813064635809477,Genuine
O18,T8,0.9581852308866426,0.03615894243475856,0.0022721967993961775,0.26139363223252315,0.04199886190132426,0.1047122009343182,Genuine
O19,T8,0.8478380945455644,0.1961452152282192,0.017329820975923806,0.08470849506528778,0.034572086109989936,0.13283252744147342,Genuine
O20,T8,0.8630903659821003,0.0681083369190372,0.007851812809237902,0.36556539624044515,0.042247282482601844,0.11293320935645249,Genuine
O1,T9,0.8138186292845677,0.17208304826421733,0.011694932508205125,0.09667973735354267,0.021072373894405614,0.13475165790139673,Genuine
O2,T9,0.8702490352730964,0.08345496781638163,0.003671930203791774,0.29199914141332706,0.019504251501554014,0.14776352977754215,Genuine
O3,T9,0.8826595952671101,0.06928557155828263,0.0026366194481615883,0.20539324765850708,0.02042629691570322,0.15413688805958642,Genuine
O4,T9,0.9206497089224784,0.05769919672274196,0.0021859622577204084,0.24941553227919178,0.019886065922469994,0.1508510857658484,Genuine
O5,T9,0.9386400102297655,0.10953995069654385,0.009868129618811975,0.05630109766455832,0.024223399163761188,0.10410616008083495,Genuine
O6,T9,0.952894224085949,0.021675091081921102,0.0017455324752849452,0.263014872624033,0.020785240149730915,0.15314036370627743,Genuine
O7,T9,0.9310285939251779,0.11810988315895976,0.012337108078930785,0.05814712356300024,0.02447986365431721,0.09415540902481781,Genuine
O8,T9,0.7990022693421823,0.23648980240659495,0.01791884033040052,0.12092604127128528,0.02286682982065968,0.10662208560624045,Genuine
O9,T9,0.9089599837036466,0.05666536878344873,0.003552083490881375,0.23226000093331917,0.020894960411953573,0.1645638835325306,Genuine
O10,T9,0.9412024544197881,0.028742783233255603,0.0020443673574540413,0.3427359030907199,0.0204871577884594,0.15487892979186993,Genuine
O11,T9,0.8206449494979391,0.12625416064063819,0.016778122041280628,0.16988028240747916,0.03332524270230676,0.23931817004752365,Genuine
O12,T9,0.9288038992265215,0.030211170876504167,0.0014146859894567888,0.2564188995629757,0.02069453038602579,0.15562355422182228,Genuine
O13,T9,0.8230163257436409,0.19170417376636772,0.011659592043033056,0.07677958051202978,0.019752300080130385,0.11699147860348202,Genuine
O14,T9,0.9417216051089257,0.05364790359975031,0.001580056878334759,0.2523338188995695,0.01840962243713961,0.14972556754495564,Genuine
O15,T9,0.8962646798317117,0.09147401737770898,0.006013417713439092,0.03735472806399502,0.019556250404863265,0.1468962632349866,Genuine
O16,T9,0.8758768328845725,0.17594127720084046,0.007362344485628645,0.053913823277753035,0.01810642018433993,0.1060494479185509,Genuine
O17,T9,0.904711309068573,0.05551014917742734,0.0025461121681622533,0.22532090239155966,0.0199306672878281,0.15470000525559324,Genuine
O18,T9,0.9290525799090177,0.04063601228607273,0.0029004817880274574,0.30223902451617174,0.02081744888526991,0.1679695663367619,Genuine
O19,T9,0.9464930428238183,0.03077991814374223,0.0019069503516087358,0.16842806814556865,0.02087040735951116,0.1559885635913994,Genuine
O20,T9,0.8860813452272958,0.0753731814541701,0.004369969360252669,0.33650329089073105,0.01918929854910258,0.1553928714123113,Genuine
O1,T10,0.8664274895151312,0.15637958425349624,0.01697111165215096,0.08425482284016553,0.033463273942805405,0.08585054494162542,Genuine
O2,T10,0.8529710453577998,0.08198719936381589,0.004130525043174236,0.2784538277581262,0.03905986220395792,0.06408967121617651,Genuine
O3,T10,0.9043329770001478,0.07355781302702266,0.0026774949656021784,0.30925046528599137,0.03984306382378378,0.0616191683202713,Genuine
O4,T10,0.8935654472259311,0.0679089690691323,0.0027144637718273315,0.3507258024077061,0.04078439601184436,0.06317677569976567,Genuine
O5,T10,0.9445229912795234,0.03832360309394631,0.0018286766271192944,0.284153693312025,0.042082358347573234,0.06184962128156247,Genuine
O6,T10,0.9562319933421215,0.02137176157855485,0.0015315270745158292,0.28406366626571883,0.04361928567949429,0.06218793817690437,Genuine
O7,T10,0.9413165586026252,0.042663427200469076,0.0024261943124527317,0.24049413582254114,0.04300079403486089,0.06253341274668182,Genuine
O8,T10,0.8469866606367416,0.10689974467302361,0.01567095159435176,0.1340928906180624,0.040461186625940906,0.08655086789466586,Genuine
O9,T10,0.774792330094273,0.2649395003629164,0.027569096279476644,0.16274956603937935,0.04123550808674639,0.09590822498675285,Genuine
O10,T10,0.9439306675790515,0.026148962911235876,0.0030724447428530505,0.30781965198001604,0.043668904681909315,0.064014056601808,Genuine
O11,T10,0.8449542934688735,0.09756704847816638,0.015552821056954689,0.18619722037782319,0.03949882324860153,0.0830491237740973,Genuine
O12,T10,0.9123757087633888,0.04170696457074759,0.0020116964498905925,0.3022847947209155,0.04197802363945925,0.0621297805030563,Genuine
O13,T10,0.9192327981437227,0.03155307044087202,0.002696969622578217,0.2751343891830904,0.044869748741538734,0.062033780466830155,Genuine
O14,T10,0.8831158068576239,0.05003938216229439,0.0022180044636302817,0.3182314563003905,0.04192130840297375,0.06117150709502224,Genuine
O15,T10,0.769108573568705,0.30806383893108036,0.02033502109308654,0.14789331188373356,0.03234947493121966,0.07393483970019002,Genuine
O16,T10,0.9281289522203047,0.04818064507176104,0.002009372357109596,0.2961577070263904,0.04015854091982696,0.06114335232533937,Genuine
O17,T10,0.8992522406705588,0.0596696112924939,0.0033988188019583748,0.2860879756276929,0.03972094157794896,0.06331528429535041,Genuine
O18,T10,0.8677099848861607,0.21460796585711198,0.02033366478356866,0.11363922649998424,0.034387707146836116,0.09340166236414381,Genuine
O19,T10,0.9282530363293406,0.03182350484211796,0.0019444089085865685,0.2582248343390715,0.040383707486910406,0.06124587001652279,Genuine
O20,T10,0.8418738277151607,0.07250451736852842,0.006643983514291594,0.263922333250129,0.04168236977090409,0.0641892220597681,Genuine
O1,F1,0.9514026862892744,0.016021826310407824,0.002741656906000892,0.3895431592680662,0.07359580191882803,0.11693462865779805,Posed
O2,F1,0.959285321438186,0.02937264607460542,0.004002221039400493,0.33068115163962686,0.07474309357129913,0.11650315867140021,Posed
O3,F1,0.9559899183391027,0.018794681531004644,0.0022868323870588432,0.41823442734295824,0.07478179094997969,0.1175029108612738,Posed
O4,F1,0.976339485527812,0.01585245050676936,0.0029024059775842725,0.3863379734625469,0.07373107342646668,0.11694579810241379,Posed
O5,F1,0.9828456403935268,0.008790973608792087,0.0014419084619244904,0.3338296046680641,0.07458154977539275,0.11658349627672404,Posed
O6,F1,0.7334643853113871,0.3583684789032281,0.044005177730492055,0.3162521683588211,0.056368270527872105,0.13396626995737385,Posed
O7,F1,0.9561152024549727,0.04940665178557435,0.007574860962013158,0.0707471977368909,0.07377967749919428,0.11694768604050015,Posed
O8,F1,0.9188797979512388,0.045174466470012865,0.009174471679978126,0.3773587660150475,0.07361663675991495,0.1166841429544204,Posed
O9,F1,0.7984311687520433,0.3451075958423916,0.023845751783369337,0.18175594404258968,0.06466836169153481,0.13713852455838416,Posed
O10,F1,0.9063987729874708,0.04820058283384862,0.00759786805209269,0.29179153066269825,0.07516103264827995,0.12019551019338645,Posed
O11,F1,0.9410717868564652,0.036155096483324656,0.009005397918879356,0.2746441492209062,0.0755354886154782,0.11830314582835555,Posed
O12,F1,0.9690865506816981,0.019018374302244977,0.002414770074315709,0.3243300378990408,0.0745989164889683,0.11661268337481162,Posed
O13,F1,0.9794608412196109,0.008061681118927607,0.0017919142631072807,0.31440344909637596,0.07422628705986614,0.11651431344340721,Posed
O14,F1,0.8251493417266588,0.30625205041117254,0.04168718282564249,0.24039085161894053,0.06816746660851222,0.14406698880585175,Posed
O15,F1,0.8563264060260749,0.22076822379117822,0.012485906270680178,0.09901449037502985,0.012592933559082656,0.09364365036452861,Posed
O16,F1,0.9817422398971557,0.012064486681587074,0.0016664681948858461,0.32044212450467885,0.07443726719597493,0.11661465866630819,Posed
O17,F1,0.9642877430680565,0.06740701402515929,0.01075232578948775,0.08437239040449396,0.0837799793832622,0.1289338487216708,Posed
O18,F1,0.9366707215022605,0.02136093185402102,0.0035039725025191523,0.3207965100217792,0.07523373509070012,0.11734119992335285,Posed
O19,F1,0.7418100619607273,0.3068547848253722,0.04296707866422217,0.29994128447492097,0.06113124604694371,0.13327594257834527,Posed
O20,F1,0.9274369691713318,0.04942110302022379,0.007376147889340826,0.3422946655572886,0.07345934251679712,0.11859321469831666,Posed
O1,F2,0.9033324035210217,0.05944726966425293,0.00257756615273781,0.2525400168764375,0.029369387596660287,0.10742268888553658,Posed
O2,F2,0.8878956126460347,0.09466230963776337,0.0025634268642375363,0.2417217878859586,0.012481365534372376,0.08430697238877598,Posed
O3,F2,0.8817834276942151,0.06289359667265156,0.0025263683081273003,0.31096245334746786,0.027613289619766685,0.10663614748888275,Posed
O4,F2,0.8999507046531642,0.035777361280580844,0.001986568360423782,0.24484471473371028,0.02902645769567066,0.10690131572628508,Posed
O5,F2,0.971929670360814,0.017524037861751555,0.0014326827648873757,0.3214625766180017,0.030796497077455038,0.10696806433524089,Posed
O6,F2,0.9535656898438365,0.03324205005676013,0.003842063406307641,0.2135328431215327,0.03178790963085539,0.10941531615542728,Posed
O7,F2,0.8948326923764032,0.16684720878475195,0.024332091054471663,0.12711680725156554,0.04851618935317839,0.19632034116394487,Posed
O8,F2,0.9205279125265616,0.044098621637839605,0.00496509535141082,0.2895282774033983,0.029503204068397147,0.10880360775377744,Posed
O9,F2,0.8299630099115358,0.17456609694809633,0.01483769179969593,0.1283663079669571,0.03058775692470455,0.11343061733134606,Posed
O10,F2,0.9520466464494922,0.026284364340493374,0.0031889260259123594,0.3084257312168281,0.030794530657958404,0.10984776378991704,Posed
O11,F2,0.7788907401020722,0.09175234457387015,0.013235822353564006,0.22946752062361161,0.01873001310788711,0.12576470724911581,Posed
O12,F2,0.911743159161879,0.04813422957831678,0.0024352202464893846,0.25610035429771894,0.029520676121664244,0.10736134455672838,Posed
O13,F2,0.8304102011165695,0.2129759904340976,0.01862882803627118,0.11068624072041208,0.02671802515482942,0.13786100483596578,Posed
O14,F2,0.8548078681597049,0.22514367686676567,0.01856366856250649,0.10889609415600454,0.04169155267296627,0.14514308398772052,Posed
O15,F2,0.8371990760631784,0.29221265888231596,0.019757934054498785,0.13462708862995107,0.02490880697529869,0.1097427495600374,Posed
O16,F2,0.8157420303084287,0.2832583322767139,0.026750583972431727,0.1799399200558846,0.027384250828427555,0.127818337050204,Posed
O17,F2,0.8462876340053419,0.20016499171416052,0.019458159326789206,0.09893171454585206,0.026149923289017905,0.12027717105299099,Posed
O18,F2,0.9167167211803735,0.04442276980858295,0.0039359100375932436,0.28789898038647094,0.030490285434071028,0.11206466141768887,Posed
O19,F2,0.7988886244831035,0.2597495524712913,0.018838187136805202,0.14684554345608586,0.03967285482823077,0.13563168828844172,Posed
O20,F2,0.8742501446694773,0.07620546956816485,0.007434993106871894,0.08126648311686534,0.028306370477825693,0.10740523380897123,Posed
O1,F3,0.9354592602542139,0.043071062510104854,0.0038441687008130936,0.3089342868852092,0.030677989516287987,0.13003203348234282,Posed
O2,F3,0.8823054076692753,0.07343783451360855,0.004015680920277775,0.23555874039983898,0.030583154043495264,0.1324076537961186,Posed
O3,F3,0.923265929296098,0.03367185523667008,0.003901799065051233,0.2575382520977161,0.03181919062091697,0.13537471689377661,Posed
O4,F3,0.8707357828653821,0.07061504014710376,0.002853347799495554,0.35040416005145847,0.03059705257581774,0.1356176243789503,Posed
O5,F3,0.9378625834141228,0.03281777939187651,0.0024863491396919686,0.2908089788428659,0.03112574606573032,0.13506998248465696,Posed
O6,F3,0.96014451900991,0.019197810551644566,0.0025111369928260564,0.26992376263058265,0.03217461584903363,0.13421050352745886,Posed
O7,F3,0.9148417099357656,0.14942361742492877,0.017526831726861158,0.08270360800608204,0.045524051496176485,0.193494509254098,Posed
O8,F3,0.8207160300565999,0.2383393362757883,0.022956396390278834,0.14400424188185545,0.04380052885128319,0.2088563756571089,Posed
O9,F3,0.8483129528634421,0.06360783348465095,0.006782845339255077,0.22288493976087975,0.032932057634304276,0.14721991209337676,Posed
O10,F3,0.9629470060181755,0.01801832672315267,0.002639674700179246,0.2619223617435822,0.03271803706077418,0.13510976442994907,Posed
O11,F3,0.7986575271467299,0.10998626430221745,0.02061929932514042,0.2833348690289414,0.034372793352883776,0.19212116859731723,Posed
O12,F3,0.948202485945396,0.030074148002962566,0.0019057394070531124,0.3106449118978612,0.03163824037062579,0.13530204783341104,Posed
O13,F3,0.7982156106831835,0.23508787286605698,0.019265725869368887,0.14163476679251663,0.02770235434220931,0.15202664600374782,Posed
O14,F3,0.8094404184346781,0.2651247236805842,0.020238532931547815,0.15871141695759633,0.02784164352702785,0.19253389518436298,Posed
O15,F3,0.8527547646445843,0.17530586717294827,0.020183926593582768,0.08517190838506825,0.04206438748014259,0.19447265911720688,Posed
O16,F3,0.8004729615455621,0.30262548387714805,0.022848224970882642,0.16236691344423237,0.02877959138532306,0.17315991909056672,Posed
O17,F3,0.9252604064108378,0.04758534401320139,0.003945845441378522,0.20690389165026885,0.03180836821477257,0.13660328885825074,Posed
O18,F3,0.9411193420208077,0.028683487359912455,0.003468709490626231,0.3159910441995164,0.031037161140069817,0.1319804845329986,Posed
O19,F3,0.9730039632827594,0.018371897457143252,0.00190172397165111,0.3385511571597456,0.0325126993146878,0.1356050660482107,Posed
O20,F3,0.9209087312304636,0.04879731896724572,0.004291712394666547,0.31246961605635226,0.030871000273000777,0.13521095102358113,Posed
O1,F4,0.8744448379079041,0.1828664568617552,0.016293258673283736,0.09086307109099523,0.034076784413585894,0.1444373674818769,Posed
O2,F4,0.8657153497820191,0.06497009733283265,0.0031324569206439175,0.31457796054797593,0.029050457920783156,0.1664339131646553,Posed
O3,F4,0.8268829658232234,0.19097453074627707,0.015245598491575136,0.08112142918256016,0.030296187307656222,0.12428902276328674,Posed
O4,F4,0.8640798320422398,0.08319333817224615,0.002412694325649634,0.22917841948378687,0.02795044157553452,0.1656701301029424,Posed
O5,F4,0.9317962431082889,0.029505660369987585,0.0015317944269839375,0.27364553275880893,0.017163415914071035,0.13546957949052418,Posed
O6,F4,0.9575455729402373,0.020501199815697115,0.0022836597868330245,0.25473370807618756,0.029708307036218625,0.16920570525998557,Posed
O7,F4,0.9309695808650602,0.08849761689397354,0.007086089849497813,0.03822415458750754,0.03305703941521007,0.18049606188367806,Posed
O8,F4,0.8181694790111617,0.2149627533546974,0.01628861953803943,0.12411967602688395,0.034580748993428403,0.1902621180640818,Posed
O9,F4,0.8869106128502641,0.046212849346404995,0.005796989101573651,0.25358966269448135,0.02990077968768831,0.16474366387038464,Posed
O10,F4,0.9489031917721196,0.031190307151721493,0.0026905537956905404,0.3688126037181491,0.029005545071503817,0.16387509059287114,Posed
O11,F4,0.8596953211005548,0.08951132645042176,0.012472601582173257,0.21122773987873178,0.03446327578629787,0.2130045572973157,Posed
O12,F4,0.9303299923322113,0.03996954184869084,0.0024229535395630273,0.3200796468765905,0.02939899587433161,0.169821452100905,Posed
O13,F4,0.8700909653074582,0.0616717393017425,0.002197713655284401,0.31878774512475605,0.028727076080633664,0.16522070541162026,Posed
O14,F4,0.9039786607160136,0.16816565904235709,0.008565805844790829,0.05930314265999129,0.029860762550452228,0.16745818035109455,Posed
O15,F4,0.8914870880173356,0.1598898638914388,0.014478114415799052,0.06533600763853745,0.02447272930155845,0.10411776180365981,Posed
O16,F4,0.8962258352551264,0.1416899225491858,0.008082963267020463,0.05640629761596825,0.029503960422364015,0.16612342150308845,Posed
O17,F4,0.8970113478618491,0.06612927438643487,0.002584446340822495,0.2238533635364009,0.028263251739182413,0.16458756219394932,Posed
O18,F4,0.8549329998062885,0.20847442733669042,0.02154933321811576,0.13629606216714338,0.02695099351219176,0.15623900375415578,Posed
O19,F4,0.8193843728783499,0.21434554243176596,0.01526472209370304,0.10446189769098889,0.023449969040578746,0.14421335227113133,Posed
O20,F4,0.8722151472370314,0.07632043977465695,0.004967420042785185,0.31920391883171706,0.028504348657262077,0.17027252101141377,Posed
O1,F5,0.8601057484966311,0.16188043739894928,0.010606162340865144,0.0785980667142501,0.011769107672299911,0.07714630966800355,Posed
O2,F5,0.8878956126460347,0.09466230963776337,0.0025634268642375363,0.2417217878859586,0.012481365534372376,0.08430697238877598,Posed
O3,F5,0.8987306062960061,0.08936556293967368,0.0023593030931518626,0.25321156513079546,0.012387547351051402,0.08096540690088294,Posed
O4,F5,0.7872991602194921,0.25254238588880296,0.006894955382115191,0.054835532797080234,0.010325332745109182,0.08032993906829675,Posed
O5,F5,0.9572933613963415,0.026607445240498042,0.0015270139985972785,0.2711192480308227,0.014068837123423437,0.08115611769966843,Posed
O6,F5,0.9535656898438365,0.03324205005676013,0.003842063406307641,0.2135328431215327,0.03178790963085539,0.10941531615542728,Posed
O7,F5,0.8908053293877165,0.19405050234774074,0.021393505379024277,0.09830308919913201,0.015045533712374527,0.08445412233291447,Posed
O8,F5,0.8966852795656881,0.05792131232871481,0.004506605242879717,0.2887934270150462,0.014118510885524658,0.0840150279287018,Posed
O9,F5,0.8833032046965872,0.06476788478367052,0.003603373660650885,0.20324324485717338,0.013965561481018057,0.08496873568016529,Posed
O10,F5,0.8762763189642385,0.13729352360477126,0.006882101586399835,0.055999031932312364,0.013593336221716146,0.08375808028404313,Posed
O11,F5,0.7788907401020722,0.09175234457387015,0.013235822353564006,0.22946752062361161,0.01873001310788711,0.12576470724911581,Posed
O12,F5,0.8915380181035693,0.07316434601294558,0.002202055797480758,0.290072252074199,0.012997411376779375,0.0840063200889708,Posed
O13,F5,0.8327437676723577,0.2069638354679757,0.0126763913978966,0.09053052155415092,0.022747117727259427,0.12007924132029413,Posed
O14,F5,0.8829864444552408,0.07252163961496047,0.0017621454427543004,0.25954243281537426,0.012639135841271083,0.08088847363219118,Posed
O15,F5,0.8563264060260749,0.22076822379117822,0.012485906270680178,0.09901449037502985,0.012592933559082656,0.09364365036452861,Posed
O16,F5,0.8519572302011629,0.2292510313934891,0.013945562354071447,0.09587542997033571,0.022734622289007626,0.14901098865935378,Posed
O17,F5,0.8826102672027953,0.13075902626567926,0.010249916801614706,0.056212604145406214,0.02123060839051802,0.10465004281560943,Posed
O18,F5,0.9233004119532477,0.04658448496175681,0.002646336548976734,0.29742648254690984,0.014132545883412069,0.08302771904278194,Posed
O19,F5,0.9021564483443945,0.18888045021238262,0.013380469267075153,0.08547627349682103,0.024222793819761664,0.14591189134901622,Posed
O20,F5,0.906337630679231,0.07270952050495523,0.003564577772544411,0.2812730055344623,0.012559064635351844,0.0846368563600302,Posed
O1,F6,0.9415162651376832,0.0401175879730664,0.0024138194685200095,0.2220435788210339,0.017482726910280147,0.13454215862856286,Posed
O2,F6,0.9234100439433814,0.06963055920333552,0.003576440350490988,0.24210973963410032,0.01632699405947228,0.1324877360751598,Posed
O3,F6,0.9053553631778424,0.057341670352518,0.002308294753963245,0.28388895887976123,0.01692898622965179,0.1368603991618806,Posed
O4,F6,0.7673566895132167,0.2652033538472155,0.016197311361527585,0.13149200787307713,0.015357442982846487,0.11563444158933162,Posed
O5,F6,0.9317962431082889,0.029505660369987585,0.0015317944269839375,0.27364553275880893,0.017163415914071035,0.13546957949052418,Posed
O6,F6,0.9693749663334015,0.01726693429645252,0.002659212775822941,0.2752114771948495,0.01841509057391811,0.14243155334700813,Posed
O7,F6,0.8901501381543039,0.15899883172633184,0.020983156776239843,0.12166096833919657,0.02297500933440487,0.14262782064631607,Posed
O8,F6,0.8544494378332903,0.13354496224343881,0.01745446945325653,0.1366530670234915,0.027809912124424144,0.19683444805473632,Posed
O9,F6,0.8901675213057316,0.07284810508427393,0.0025327228131083596,0.220855096979041,0.016894573466966697,0.1375228304600274,Posed
O10,F6,0.9482101275859388,0.03133911885115773,0.0018160056304049091,0.2911199600127341,0.016890557125567855,0.13414852290373663,Posed
O11,F6,0.850438704948215,0.05580329146549565,0.005657562624325999,0.24498578957728673,0.01849481673763126,0.15170209610837015,Posed
O12,F6,0.9259159881890028,0.052086957270032486,0.002500923668521818,0.3218740396063524,0.016771185817896075,0.1374932420794382,Posed
O13,F6,0.9666323657049224,0.014803147078335667,0.0016764978690784913,0.2344188726881634,0.01773456513678594,0.1385832337483343,Posed
O14,F6,0.8176953634738744,0.24198444598675323,0.015902861718144846,0.1247344712170945,0.017188335803729075,0.1158967107247948,Posed
O15,F6,0.8464947534382723,0.15743491439083024,0.012627309785170088,0.06118759364077837,0.026696721094471486,0.09142196949909405,Posed
O16,F6,0.8273223261353959,0.2696688564558735,0.014684094742879353,0.10303991362539183,0.01314032238653308,0.09955894551242192,Posed
O17,F6,0.8813025250877508,0.1423804078570806,0.013752157240980202,0.07115827910406824,0.028506093357975798,0.12227320942363959,Posed
O18,F6,0.8632145627271345,0.19679928724784285,0.018679601939037057,0.09615800579109404,0.02815939189371281,0.15339710969375528,Posed
O19,F6,0.9072026869572899,0.07664745945634399,0.002395656860181643,0.24491737475055364,0.016489868587134707,0.13644799536103852,Posed
O20,F6,0.8962271021958956,0.060883065582902955,0.004292710046184757,0.3009194223334044,0.018027514724915622,0.14348771527844456,Posed
O1,F7,0.8345355040696754,0.18439761388415749,0.016443821182012743,0.11819714134929954,0.014900537571788719,0.10536430844699238,Posed
O2,F7,0.915256270099297,0.06414796226799499,0.003100164330799513,0.2707549070256182,0.015166592912698028,0.10831426456707618,Posed
O3,F7,0.9102223852561633,0.0678128190975171,0.0023074898106101483,0.22697410639446625,0.01523517637573868,0.11088587356137558,Posed
O4,F7,0.8421809379610592,0.11019663076801056,0.00879686919463691,0.05043155708877015,0.015736965882018172,0.11265103600787255,Posed
O5,F7,0.9529269566859577,0.04093390501052091,0.0017908010905969966,0.25521889657073316,0.01533132200504839,0.10662905016262064,Posed
O6,F7,0.9582177106758538,0.0185786377655582,0.0018977939321345003,0.2864026513750143,0.016012174810489735,0.11397505318540396,Posed
O7,F7,0.9530095825318924,0.030679023049258347,0.0019128608166074424,0.28570974606387,0.01563351267934135,0.10842293474434389,Posed
O8,F7,0.835304744317197,0.19788656391626383,0.0210400818483922,0.10756773712044186,0.022755469268057403,0.1563773820276139,Posed
O9,F7,0.8901675213057316,0.07284810508427393,0.0025327228131083596,0.220855096979041,0.01517143157116715,0.11005012590012364,Posed
O10,F7,0.9556411155882469,0.02126261261098069,0.003073766884863823,0.3282865329591065,0.015851409207860077,0.11226037877576145,Posed
O11,F7,0.8694240784251341,0.06398019484126963,0.004385268396319808,0.2437443819634821,0.016010929603567266,0.1222593511501177,Posed
O12,F7,0.9265864259731287,0.03598578805305236,0.002287946627051574,0.28453723260972863,0.015837735437229487,0.10955582696941632,Posed
O13,F7,0.8443840566575449,0.09098299151352346,0.002933886319749208,0.05041170070449395,0.01654900249370414,0.10977946761419849,Posed
O14,F7,0.8482343483990747,0.23409206298059365,0.015636354175216177,0.11505322515094296,0.014328324628444696,0.0997986248949824,Posed
O15,F7,0.8827291459560318,0.17397152100474503,0.008981114397408754,0.04969505632281916,0.015284996313655453,0.1069913189397598,Posed
O16,F7,0.8265391981020382,0.2556353208324101,0.015712789557366675,0.10902414817759615,0.013287821482882062,0.09492969456740327,Posed
O17,F7,0.8902761695747582,0.15963413177446303,0.014915145659509424,0.07817189239235128,0.02516962791328329,0.15162949437629403,Posed
O18,F7,0.9283294114310756,0.04532236194056752,0.0028410036270126665,0.2193803475930272,0.016401943549318874,0.11364183419252227,Posed
O19,F7,0.8608982190791803,0.2164107612158518,0.023103829298149345,0.09662720192219695,0.03056587070821632,0.1579662122275762,Posed
O20,F7,0.8344849223056798,0.20651767871897592,0.0169254861046269,0.10222584960269554,0.01579570624491037,0.10830143453345172,Posed
O1,F8,0.9419239008325284,0.027193277508742515,0.0027497127050687643,0.34648490184463565,0.06049865113070571,0.10405969276110036,Posed
O2,F8,0.8367803319635188,0.17562269796574526,0.023855453478035037,0.12751571310673107,0.06908298004224273,0.13323145685686102,Posed
O3,F8,0.9097602425750312,0.047659226670888,0.002973828042455653,0.28096483865564115,0.05862188466229058,0.10430342106921864,Posed
O4,F8,0.9411515943745126,0.024506189992828567,0.002825672526420804,0.3789678560519565,0.05958010039103877,0.10431926190005017,Posed
O5,F8,0.9759820882679244,0.007986499999850426,0.0015796574652351862,0.34770272721213025,0.06059653724781831,0.10302617928862955,Posed
O6,F8,0.9345879923118001,0.09609085629101441,0.011363855049984798,0.1610030694916329,0.05350677029024749,0.11026970719127113,Posed
O7,F8,0.9175697093377776,0.12564867687911113,0.01439751276747028,0.1057968991270009,0.07360217964521476,0.1291938114225939,Posed
O8,F8,0.9169849805202019,0.040467350278605804,0.005860074790741422,0.36687476208395514,0.06335198014635043,0.10544622195099704,Posed
O9,F8,0.8944396798127071,0.03906637464863576,0.003912501071474928,0.32907576296572094,0.06036172655043321,0.10464671963619654,Posed
O10,F8,0.9470602849596441,0.028652837066823155,0.003983442925741166,0.2624449176793692,0.06160112390473961,0.10454859625151283,Posed
O11,F8,0.5828850132168868,0.1890463860551288,0.04198934256193097,0.27809674394004663,0.05628585619847347,0.14217291888912365,Posed
O12,F8,0.9745540268470814,0.008363340890275303,0.0014220187682609487,0.33968482252533827,0.061380864846225125,0.10419138411882777,Posed
O13,F8,0.9763929318860383,0.011835585752267733,0.0014351468482404525,0.2786084446156354,0.06082994931392865,0.10425776740554606,Posed
O14,F8,0.959073829814558,0.022851359917040584,0.0015171189946302354,0.3353539341213078,0.05806831723940776,0.10376759559333812,Posed
O15,F8,0.818388277098451,0.23795092483088265,0.026096958830373627,0.13913839857611882,0.04804359711668099,0.12750001317857534,Posed
O16,F8,0.7900072727870792,0.28141476503622254,0.02230907811606371,0.11972075155114428,0.03754760465302098,0.11692520799885052,Posed
O17,F8,0.9151419972776793,0.04140434790185506,0.0029384244570495053,0.29003766020082467,0.061631811244466685,0.10470265319989144,Posed
O18,F8,0.9364434639497936,0.03374597805793307,0.002797610144997897,0.2890297289633739,0.06214002839938308,0.10467865518881217,Posed
O19,F8,0.9541873086074879,0.020227983804314037,0.0019701985930991083,0.30359776004407596,0.059252165802562644,0.10400189262594015,Posed
O20,F8,0.8131353289508598,0.2599277011870042,0.028249364012816275,0.18108423458147013,0.05696104404238812,0.15253203351016303,Posed
O1,F9,0.9348766251809788,0.05090537995744751,0.002258736650205635,0.24513234904908365,0.018369905776683647,0.09048102721621533,Posed
O2,F9,0.8850884848533601,0.07896641892820722,0.0032275050358551317,0.2629551236394162,0.017362977500390273,0.08714682248283659,Posed
O3,F9,0.8936545704137158,0.08372531327555874,0.0024143708656800818,0.27630175938112256,0.017207253268569794,0.08688537333922995,Posed
O4,F9,0.8143403839080476,0.14456196799459264,0.012683998791350874,0.07877811896865042,0.026856329986431636,0.13730451213940542,Posed
O5,F9,0.9834221069884101,0.00987516600096585,0.0010813842572744235,0.31396876262269513,0.019455139189284203,0.08526722087191332,Posed
O6,F9,0.9772474770975127,0.01389422643098441,0.0020031554995941525,0.25047700835477105,0.0193229972931796,0.08901300398809331,Posed
O7,F9,0.949979315597588,0.030237536107301063,0.0022567220963271026,0.24924384326716784,0.018872394566409365,0.0875183209629718,Posed
O8,F9,0.8763503449724943,0.0464937096053417,0.004883160868384017,0.2916876088439767,0.020619437573423195,0.09578630817779327,Posed
O9,F9,0.860122864703706,0.1912419713451049,0.015199197931426798,0.09240058684924929,0.02638875862280672,0.12540869484207212,Posed
O10,F9,0.9397176619953945,0.042686087506949875,0.0027722577736841196,0.21641817637934813,0.017960999833435083,0.08553818551790388,Posed
O11,F9,0.8901672340564246,0.059979782044355556,0.006652066949285219,0.2037190846078084,0.019902255312354438,0.10893424507792264,Posed
O12,F9,0.9185797865369598,0.03155951727814024,0.0018632999468977916,0.25324190739374686,0.018837421757542508,0.08650599592091165,Posed
O13,F9,0.8738195376545235,0.06611621703772849,0.0020756416730071782,0.33592692609680486,0.017327653282070164,0.08711147242133109,Posed
O14,F9,0.9077871169829299,0.07090393864946684,0.0016412963073244124,0.3025536575972947,0.017108504457578694,0.08531089361604546,Posed
O15,F9,0.8464947534382723,0.15743491439083024,0.012627309785170088,0.06118759364077837,0.026696721094471486,0.09142196949909405,Posed
O16,F9,0.8928974776353172,0.051521219448134786,0.0018126205482023488,0.25992790276637945,0.01797606764792261,0.08525934954950913,Posed
O17,F9,0.9190597993781925,0.04853327273945156,0.0018432284250385132,0.31415846837981753,0.018267212388984724,0.086003309471258,Posed
O18,F9,0.93648827758961,0.04523686367987244,0.002686008143837991,0.25193155073288637,0.018153415981987754,0.08664621066529946,Posed
O19,F9,0.8384223357722225,0.20477903774336614,0.014063766622197011,0.12341896708566463,0.015836406255738608,0.1283313610125449,Posed
O20,F9,0.9064127521884872,0.06242093039268481,0.0049306833259584685,0.25814561164017846,0.019895324052475127,0.09591098391130867,Posed
O1,F10,0.9043783070259622,0.07306774203192377,0.0019685253713280504,0.2555108571740556,0.01583075756639806,0.1320425888252042,Posed
O2,F10,0.8883864565854797,0.09150370650107054,0.0026075421001123707,0.2342550999635626,0.01594347087708153,0.131865281701697,Posed
O3,F10,0.838729015962159,0.2129392305451828,0.012212597669967,0.08030700170408465,0.018737028274253952,0.11339847178865994,Posed
O4,F10,0.814173870738529,0.21874149863506082,0.011604819104521394,0.08905077629621555,0.014992276770153874,0.12208158383861345,Posed
O5,F10,0.9429595899301744,0.039445120429800445,0.002410295113378363,0.20003705395936536,0.017743924513337322,0.13530605666778547,Posed
O6,F10,0.9087824370688137,0.06983951943160124,0.012093794549480449,0.1503179071560547,0.021254878383966794,0.16453414859437088,Posed
O7,F10,0.9090786903981111,0.09598992102914983,0.009465625708092038,0.05026322303385663,0.022226988034434146,0.14155246580320055,Posed
O8,F10,0.8317637555717321,0.1568232414279848,0.019542788114653254,0.0867649222436698,0.02495270302453223,0.1625842874702248,Posed
O9,F10,0.9037284539766427,0.060554180875677384,0.003159976345345604,0.21940115852840542,0.016540501015965197,0.13751449400868082,Posed
O10,F10,0.9215764253747288,0.037526186634218375,0.0027725750848584677,0.27732085109747096,0.017134530480033057,0.13862344006323613,Posed
O11,F10,0.8889638558784936,0.06267980576575943,0.009626803289159694,0.23161085032838563,0.01902179580871647,0.17230631980997946,Posed
O12,F10,0.8520901431102734,0.19618738338995337,0.015112329993091953,0.08163524235677977,0.021550774808877356,0.14868883376164954,Posed
O13,F10,0.8533752036068221,0.1591432777881106,0.006050980247657475,0.04916975577952301,0.015540523407459785,0.1370564739693565,Posed
O14,F10,0.9165992778637766,0.06698176539692607,0.0018372636561395663,0.2731364881718934,0.016242083678243965,0.13305854437551035,Posed
O15,F10,0.8444862014817429,0.20553760049303352,0.011056110221108433,0.08758002171081838,0.014668274134680252,0.11101821595351904,Posed
O16,F10,0.9016017071649407,0.05819220972901467,0.0021134406221348843,0.021850839146487798,0.016394665160649302,0.1354346779643008,Posed
O17,F10,0.8098105569757188,0.18825797666906868,0.019026267704970058,0.08818241421349254,0.016930124649085262,0.12403167163872324,Posed
O18,F10,0.932473679391058,0.04772346259113994,0.003296581803206299,0.34778389759013023,0.016869351343857312,0.1386716743468956,Posed
O19,F10,0.8997676419935365,0.07113682051808823,0.002842810087389503,0.17182026891414892,0.016411926687895727,0.1357856948043063,Posed
O20,F10,0.8576618321522846,0.08566987994243057,0.00549903521025339,0.28223735370234193,0.016331631891281385,0.14444987976286994,Posed
